date,trend_direction,trend_slope,volatility,confidence,forecast_7,forecast_30,forecast_90
2026-03-25,Bearish,-0.0877,0.514,0.486,"[-0.1145, -0.22, -0.1009, -0.1039, -0.1684, -0.1789, -0.1387]","[-0.1145, -0.22, -0.1009, -0.1039, -0.1684, -0.1789, -0.1387, -0.1344, -0.1034, -0.1009, -0.1039, -0.1684, -0.1789, -0.1387, -0.1344, -0.1034, -0.1009, -0.1039, -0.1684, -0.1789, -0.1387, -0.1344, -0.1034, -0.1009, -0.1039, -0.1684, -0.1789, -0.1387, -0.1344, -0.1034]","[-0.1145, -0.22, -0.1009, -0.1039, -0.1684, -0.1789, -0.1387, -0.1344, -0.1034, -0.1009, -0.1039, -0.1684, -0.1789, -0.1387, -0.1344, -0.1034, -0.1009, -0.1039, -0.1684, -0.1789, -0.1387, -0.1344, -0.1034, -0.1009, -0.1039, -0.1684, -0.1789, -0.1387, -0.1344, -0.1034, -0.1009, -0.1039, -0.1684, -0.1789, -0.1387, -0.1344, -0.1034, -0.1009, -0.1039, -0.1684, -0.1789, -0.1387, -0.1344, -0.1034, -0.1009, -0.1039, -0.1684, -0.1789, -0.1387, -0.1344, -0.1034, -0.1009, -0.1039, -0.1684, -0.1789, -0.1387, -0.1344, -0.1034, -0.1009, -0.1039, -0.1684, -0.1789, -0.1387, -0.1344, -0.0934, -0.1009, -0.1039, -0.1684, -0.1789, -0.1387, -0.1344, -0.1034, -0.1009, -0.1039, -0.1684, -0.1789, -0.1387, -0.1344, -0.1034, -0.1009, -0.1039, -0.1684, -0.1789, -0.1387, -0.1344, -0.1034, -0.1009, -0.1039, -0.1684, -0.1789]"
2026-03-26,Bearish,-0.0523,0.4558,0.544,"[0.0642, 0.0724, 0.1882, 0.0845, 0.0361, 0.1074, 0.1045]","[0.0642, 0.0724, 0.1882, 0.0845, 0.0361, 0.1074, 0.1045, 0.1, 0.0949, 0.1882, 0.0845, 0.0361, 0.1074, 0.1045, 0.1, 0.0949, 0.1882, 0.0845, 0.0361, 0.1074, 0.1045, 0.1, 0.0949, 0.1882, 0.0845, 0.0361, 0.1074, 0.1045, 0.1, 0.0949]","[0.0642, 0.0724, 0.1882, 0.0845, 0.0361, 0.1074, 0.1045, 0.1, 0.0949, 0.1882, 0.0845, 0.0361, 0.1074, 0.1045, 0.1, 0.0949, 0.1882, 0.0845, 0.0361, 0.1074, 0.1045, 0.1, 0.0949, 0.1882, 0.0845, 0.0361, 0.1074, 0.1045, 0.1, 0.0949, 0.1882, 0.0845, 0.0361, 0.1074, 0.1045, 0.1, 0.0949, 0.1882, 0.0845, 0.0361, 0.1074, 0.1045, 0.1, 0.0949, 0.1882, 0.0845, 0.0361, 0.1074, 0.1045, 0.1, 0.0949, 0.1882, 0.0845, 0.0361, 0.1074, 0.1045, 0.1, 0.0949, 0.1882, 0.0845, 0.0361, 0.1074, 0.1045, 0.1, 0.0949, 0.1883, 0.0845, 0.0361, 0.1074, 0.1045, 0.1, 0.0949, 0.1882, 0.0845, 0.0361, 0.1074, 0.1045, 0.1, 0.0949, 0.1882, 0.0845, 0.0361, 0.1074, 0.1045, 0.1, 0.0949, 0.1882, 0.0845, 0.0361, 0.1074]"
2026-03-27,Bearish,-0.036,0.3814,0.619,"[0.2082, 0.0316, 0.0928, 0.1857, 0.152, 0.1278, 0.1416]","[0.2082, 0.0316, 0.0928, 0.1857, 0.152, 0.1278, 0.1416, 0.1566, 0.1678, 0.1866, 0.1728, 0.1528, 0.1366, 0.1416, 0.1566, 0.1678, 0.1866, 0.1728, 0.1528, 0.1366, 0.1416, 0.1566, 0.1678, 0.1866, 0.1728, 0.1528, 0.1366, 0.1416, 0.1566, 0.1678]","[0.2082, 0.0316, 0.0928, 0.1857, 0.152, 0.1278, 0.1416, 0.1566, 0.1678, 0.1866, 0.1728, 0.1528, 0.1366, 0.1416, 0.1566, 0.1678, 0.1866, 0.1728, 0.1528, 0.1366, 0.1416, 0.1566, 0.1678, 0.1866, 0.1728, 0.1528, 0.1366, 0.1416, 0.1566, 0.1678, 0.1866, 0.1728, 0.1528, 0.1366, 0.1416, 0.1566, 0.1678, 0.1866, 0.1728, 0.1528, 0.1366, 0.1416, 0.1566, 0.1678, 0.1866, 0.1728, 0.1528, 0.1366, 0.1416, 0.1566, 0.1678, 0.1866, 0.1728, 0.1528, 0.1366, 0.1416, 0.1566, 0.1678, 0.1866, 0.1728, 0.1528, 0.1366, 0.1416, 0.1566, 0.1678, 0.1866, 0.1678, 0.1528, 0.1366, 0.1416, 0.1566, 0.1678, 0.1866, 0.1728, 0.1528, 0.1366, 0.1416, 0.1566, 0.1678, 0.1866, 0.1728, 0.1528, 0.1366, 0.1416, 0.1566, 0.1678, 0.1866, 0.1728, 0.1528, 0.1366]"
2026-03-28,Bearish,-0.0417,0.3544,0.646,"[-0.0337, -0.0253, -0.1583, -0.1486, -0.1258, -0.13, -0.1376]","[-0.0337, -0.0253, -0.1583, -0.1486, -0.1258, -0.13, -0.1376, -0.1317, -0.1602, -0.1565, -0.1542, -0.1224, -0.1333, -0.1376, -0.1317, -0.1602, -0.1565, -0.1542, -0.1224, -0.1333, -0.1376, -0.1317, -0.1602, -0.1565, -0.1542, -0.1224, -0.1333, -0.1376, -0.1317, -0.1602]","[-0.0337, -0.0253, -0.1583, -0.1486, -0.1258, -0.13, -0.1376, -0.1317, -0.1602, -0.1565, -0.1542, -0.1224, -0.1333, -0.1376, -0.1317, -0.1602, -0.1565, -0.1542, -0.1224, -0.1333, -0.1376, -0.1317, -0.1602, -0.1565, -0.1542, -0.1224, -0.1333, -0.1376, -0.1317, -0.1602, -0.1565, -0.1542, -0.1224, -0.1333, -0.1376, -0.1317, -0.1602, -0.1565, -0.1542, -0.1224, -0.1333, -0.1376, -0.1317, -0.1602, -0.1565, -0.1542, -0.1224, -0.1333, -0.1376, -0.1317, -0.1602, -0.1565, -0.1542, -0.1224, -0.1333, -0.1376, -0.1317, -0.1602, -0.1565, -0.1542, -0.1224, -0.1333, -0.1376, -0.1317, -0.1602, -0.1565, -0.1542, -0.1224, -0.1333, -0.1376, -0.1317, -0.1602, -0.1565, -0.1542, -0.1224, -0.1333, -0.1376, -0.1317, -0.1602, -0.1565, -0.1542, -0.1224, -0.1333, -0.1376, -0.1317, -0.1602, -0.1565, -0.1542, -0.1224, -0.1333]"
2026-03-29,Bearish,-0.0177,0.3712,0.629,"[0.2558, -0.0919, -0.092, -0.0522, -0.1625, -0.17, -0.1437]","[0.2558, -0.0919, -0.092, -0.0522, -0.1625, -0.17, -0.1437, -0.1866, -0.2009, -0.2004, -0.1379, -0.1462, -0.1683, -0.1437, -0.1866, -0.2009, -0.2004, -0.1379, -0.1462, -0.1683, -0.1437, -0.1866, -0.2009, -0.2004, -0.1379, -0.1462, -0.1683, -0.1437, -0.1866, -0.2009]","[0.2558, -0.0919, -0.092, -0.0522, -0.1625, -0.17, -0.1437, -0.1866, -0.2009, -0.2004, -0.1379, -0.1462, -0.1683, -0.1437, -0.1866, -0.2009, -0.2004, -0.1379, -0.1462, -0.1683, -0.1437, -0.1866, -0.2009, -0.2004, -0.1379, -0.1462, -0.1683, -0.1437, -0.1866, -0.2009, -0.2004, -0.1379, -0.1462, -0.1683, -0.1437, -0.1866, -0.2009, -0.2004, -0.1379, -0.1462, -0.1683, -0.1437, -0.1866, -0.2009, -0.2004, -0.1379, -0.1462, -0.1683, -0.1437, -0.1866, -0.2009, -0.2004, -0.1379, -0.1462, -0.1683, -0.1437, -0.1866, -0.2009, -0.2004, -0.1379, -0.1462, -0.1683, -0.1437, -0.1866, -0.2009, -0.2004, -0.1379, -0.1462, -0.1683, -0.1437, -0.1866, -0.2009, -0.2004, -0.1379, -0.1462, -0.1683, -0.1437, -0.1866, -0.2009, -0.2004, -0.1379, -0.1462, -0.1683, -0.1437, -0.1866, -0.2009, -0.2004, -0.1379, -0.1462, -0.1683]"
2026-03-30,Bearish,-0.0105,0.3671,0.633,"[0.1792, -0.0878, -0.0008, -0.0188, -0.1011, -0.0758, -0.0691]","[0.1792, -0.0878, -0.0008, -0.0188, -0.1011, -0.0758, -0.0691, -0.1328, -0.1321, -0.0518, -0.0618, -0.1024, -0.0758, -0.0691, -0.1328, -0.1321, -0.0518, -0.0618, -0.1024, -0.0758, -0.0691, -0.1328, -0.1321, -0.0518, -0.0618, -0.1024, -0.0758, -0.0691, -0.1328, -0.1321]","[0.1792, -0.0878, -0.0008, -0.0188, -0.1011, -0.0758, -0.0691, -0.1328, -0.1321, -0.0518, -0.0618, -0.1024, -0.0758, -0.0691, -0.1328, -0.1321, -0.0518, -0.0618, -0.1024, -0.0758, -0.0691, -0.1328, -0.1321, -0.0518, -0.0618, -0.1024, -0.0758, -0.0691, -0.1328, -0.1321, -0.0518, -0.0618, -0.1024, -0.0758, -0.0691, -0.1328, -0.1321, -0.0518, -0.0618, -0.1024, -0.0758, -0.0691, -0.1328, -0.1321, -0.0518, -0.0618, -0.1024, -0.0758, -0.0691, -0.1328, -0.1321, -0.0518, -0.0618, -0.1024, -0.0758, -0.0691, -0.1328, -0.1321, -0.0518, -0.0618, -0.1024, -0.0758, -0.0691, -0.1328, -0.1321, -0.0518, -0.0618, -0.1024, -0.0758, -0.0691, -0.1328, -0.1321, -0.0518, -0.0618, -0.1024, -0.0758, -0.0691, -0.1328, -0.1321, -0.0518, -0.0618, -0.1024, -0.0758, -0.0691, -0.1328, -0.1321, -0.0518, -0.0618, -0.1024, -0.0758]"
2026-03-31,Bearish,-0.0174,0.3931,0.607,"[0.0397, 0.059, 0.0519, 0.0554, 0.0524, 0.0703, 0.0581]","[0.0397, 0.059, 0.0519, 0.0554, 0.0524, 0.0703, 0.0581, 0.0569, 0.0542, 0.0519, 0.0554, 0.0524, 0.0703, 0.0581, 0.0569, 0.0542, 0.0519, 0.0554, 0.0524, 0.0703, 0.0581, 0.0569, 0.0542, 0.0519, 0.0554, 0.0524, 0.0703, 0.0581, 0.0569, 0.0542]","[0.0397, 0.059, 0.0519, 0.0554, 0.0524, 0.0703, 0.0581, 0.0569, 0.0542, 0.0519, 0.0554, 0.0524, 0.0703, 0.0581, 0.0569, 0.0542, 0.0519, 0.0554, 0.0524, 0.0703, 0.0581, 0.0569, 0.0542, 0.0519, 0.0554, 0.0524, 0.0703, 0.0581, 0.0569, 0.0542, 0.0519, 0.0554, 0.0524, 0.0703, 0.0581, 0.0569, 0.0542, 0.0519, 0.0554, 0.0524, 0.0703, 0.0581, 0.0569, 0.0542, 0.0519, 0.0554, 0.0524, 0.0703, 0.0581, 0.0569, 0.0542, 0.0519, 0.0554, 0.0524, 0.0703, 0.0581, 0.0569, 0.0542, 0.0519, 0.0554, 0.0524, 0.0703, 0.0581, 0.0569, 0.0542, 0.0519, 0.0554, 0.0524, 0.0703, 0.0581, 0.0569, 0.0542, 0.0519, 0.0554, 0.0524, 0.0703, 0.0581, 0.0569, 0.0542, 0.0519, 0.0554, 0.0524, 0.0703, 0.0581, 0.0569, 0.0542, 0.0519, 0.0554, 0.0524, 0.0703]"
2026-04-01,Bearish,-0.0162,0.453,0.547,"[0.0966, 0.0819, 0.0864, 0.0792, 0.0681, 0.0681, 0.1179]","[0.0966, 0.0819, 0.0864, 0.0792, 0.0681, 0.0681, 0.1179, 0.0761, 0.0761, 0.0864, 0.0792, 0.0681, 0.0681, 0.1179, 0.0761, 0.0761, 0.0864, 0.0792, 0.0681, 0.0681, 0.1179, 0.0761, 0.0761, 0.0864, 0.0792, 0.0681, 0.0681, 0.1179, 0.0761, 0.0761]","[0.0966, 0.0819, 0.0864, 0.0792, 0.0681, 0.0681, 0.1179, 0.0761, 0.0761, 0.0864, 0.0792, 0.0681, 0.0681, 0.1179, 0.0761, 0.0761, 0.0864, 0.0792, 0.0681, 0.0681, 0.1179, 0.0761, 0.0761, 0.0864, 0.0792, 0.0681, 0.0681, 0.1179, 0.0761, 0.0761, 0.0864, 0.0792, 0.0681, 0.0681, 0.1179, 0.0761, 0.0761, 0.0864, 0.0792, 0.0681, 0.0681, 0.1179, 0.0761, 0.0761, 0.0864, 0.0792, 0.0681, 0.0681, 0.1179, 0.0761, 0.0761, 0.0864, 0.0792, 0.0681, 0.0681, 0.1295, 0.0746, 0.0681, 0.0864, 0.0792, 0.0681, 0.0681, 0.1179, 0.0761, 0.0761, 0.0864, 0.0792, 0.0681, 0.0681, 0.1179, 0.0761, 0.0761, 0.0864, 0.0792, 0.0681, 0.0681, 0.1179, 0.0761, 0.0761, 0.0864, 0.0792, 0.0681, 0.0681, 0.1295, 0.0746, 0.0681, 0.0864, 0.0792, 0.0681, 0.0681]"
2026-04-02,Stable,0.0026,0.3436,0.656,"[0.0405, -0.0305, -0.0405, 0.0095, 0.0055, -0.002, -0.0045]","[0.0405, -0.0305, -0.0405, 0.0095, 0.0055, -0.002, -0.0045, 0.0405, -0.0305, -0.0405, 0.0095, 0.0055, -0.002, -0.0045, 0.0405, -0.0305, -0.0405, 0.0095, 0.0055, -0.002, -0.0045, 0.0405, -0.0305, -0.0405, 0.0095, 0.0055, -0.002, -0.0045, 0.0405, -0.0305]","[0.0405, -0.0305, -0.0405, 0.0095, 0.0055, -0.002, -0.0045, 0.0405, -0.0305, -0.0405, 0.0095, 0.0055, -0.002, -0.0045, 0.0405, -0.0305, -0.0405, 0.0095, 0.0055, -0.002, -0.0045, 0.0405, -0.0305, -0.0405, 0.0095, 0.0055, -0.002, -0.0045, 0.0405, -0.0305, -0.0405, 0.0095, 0.0055, -0.002, -0.0045, 0.0405, -0.0305, -0.0405, 0.0095, 0.0055, -0.002, -0.0045, 0.0405, -0.0305, -0.0405, 0.0095, 0.0055, -0.002, -0.0045, 0.0405, -0.0305, -0.0405, 0.0095, 0.0055, -0.002, -0.0045, 0.0405, -0.0305, -0.0405, 0.0095, 0.0055, -0.002, -0.0045, 0.0405, -0.0305, -0.0405, 0.0095, 0.0055, -0.002, -0.0045, 0.0405, -0.0305, -0.0405, 0.0095, 0.0055, -0.002, -0.0045, 0.0405, -0.0305, -0.0405, 0.0095, 0.0055, -0.002, -0.0045, 0.0405, -0.0305, -0.0405, 0.0095, 0.0055, -0.002]"
2026-04-03,Stable,0.0057,0.3976,0.602,"[-0.1468, 0.0739, 0.0341, 0.0945, 0.1387, 0.1342, 0.1314]","[-0.1468, 0.0739, 0.0341, 0.0945, 0.1387, 0.1342, 0.1314, 0.1293, 0.0835, 0.0901, 0.116, 0.1418, 0.1329, 0.1357, 0.1293, 0.0835, 0.0901, 0.116, 0.1418, 0.1329, 0.1357, 0.1293, 0.0835, 0.0901, 0.116, 0.1418, 0.1329, 0.1357, 0.1293, 0.0835]","[-0.1468, 0.0739, 0.0341, 0.0945, 0.1387, 0.1342, 0.1314, 0.1293, 0.0835, 0.0901, 0.116, 0.1418, 0.1329, 0.1357, 0.1293, 0.0835, 0.0901, 0.116, 0.1418, 0.1329, 0.1357, 0.1293, 0.0835, 0.0901, 0.116, 0.1418, 0.1329, 0.1357, 0.1293, 0.0835, 0.0901, 0.116, 0.1418, 0.1329, 0.1357, 0.1293, 0.0835, 0.0901, 0.116, 0.1418, 0.1329, 0.1357, 0.1293, 0.0835, 0.0901, 0.116, 0.1418, 0.1329, 0.1357, 0.1293, 0.0835, 0.0901, 0.116, 0.1418, 0.1329, 0.1357, 0.124, 0.0835, 0.0945, 0.116, 0.1404, 0.1329, 0.1357, 0.1293, 0.0835, 0.0901, 0.116, 0.1418, 0.1329, 0.1357, 0.1293, 0.0835, 0.0901, 0.116, 0.1418, 0.1329, 0.1357, 0.1293, 0.0835, 0.0901, 0.116, 0.1418, 0.1329, 0.1357, 0.124, 0.0835, 0.0945, 0.116, 0.1404, 0.1329]"
2026-04-04,Stable,-0.001,0.4843,0.516,"[0.2706, 0.0198, 0.0156, 0.0481, -0.0002, -0.0035, -0.0369]","[0.2706, 0.0198, 0.0156, 0.0481, -0.0002, -0.0035, -0.0369, -0.0327, -0.196, -0.3844, -0.3994, -0.3927, -0.3969, -0.4327, -0.4394, -0.4035, -0.4052, -0.4035, -0.3985, -0.3969, -0.4327, -0.4394, -0.4035, -0.4052, -0.4035, -0.3985, -0.3969, -0.4327, -0.4394, -0.4035]","[0.2706, 0.0198, 0.0156, 0.0481, -0.0002, -0.0035, -0.0369, -0.0327, -0.196, -0.3844, -0.3994, -0.3927, -0.3969, -0.4327, -0.4394, -0.4035, -0.4052, -0.4035, -0.3985, -0.3969, -0.4327, -0.4394, -0.4035, -0.4052, -0.4035, -0.3985, -0.3969, -0.4327, -0.4394, -0.4035, -0.4052, -0.4035, -0.3985, -0.3969, -0.4327, -0.4394, -0.4035, -0.4052, -0.4035, -0.3985, -0.3969, -0.4327, -0.4394, -0.4035, -0.4052, -0.4035, -0.3985, -0.3969, -0.4327, -0.4394, -0.4035, -0.4052, -0.4035, -0.3985, -0.3969, -0.4327, -0.4394, -0.4035, -0.4052, -0.4119, -0.3985, -0.3969, -0.4327, -0.4394, -0.4035, -0.4052, -0.4035, -0.3985, -0.3969, -0.4327, -0.4394, -0.4035, -0.4052, -0.4035, -0.3985, -0.3969, -0.4327, -0.4394, -0.4035, -0.4052, -0.4035, -0.3985, -0.3969, -0.4327, -0.4394, -0.4035, -0.4052, -0.4119, -0.3985, -0.3969]"
2026-04-05,Bearish,-0.0131,0.5095,0.49,"[0.1028, -0.003, 0.0137, -0.0064, 0.0063, -0.0431, -0.0961]","[0.1028, -0.003, 0.0137, -0.0064, 0.0063, -0.0431, -0.0961, -0.1822, -0.3058, -0.3237, -0.5118, -0.5076, -0.5418, -0.5518, -0.5237, -0.4806, -0.4747, -0.5298, -0.5076, -0.5418, -0.5518, -0.5237, -0.4806, -0.4747, -0.5298, -0.5076, -0.5418, -0.5518, -0.5237, -0.4806]","[0.1028, -0.003, 0.0137, -0.0064, 0.0063, -0.0431, -0.0961, -0.1822, -0.3058, -0.3237, -0.5118, -0.5076, -0.5418, -0.5518, -0.5237, -0.4806, -0.4747, -0.5298, -0.5076, -0.5418, -0.5518, -0.5237, -0.4806, -0.4747, -0.5298, -0.5076, -0.5418, -0.5518, -0.5237, -0.4806, -0.4747, -0.5298, -0.5076, -0.5418, -0.5518, -0.5237, -0.4806, -0.4747, -0.5298, -0.5076, -0.5418, -0.5518, -0.5237, -0.4806, -0.4747, -0.5298, -0.5076, -0.5418, -0.5518, -0.5237, -0.4806, -0.4747, -0.5298, -0.5076, -0.5418, -0.5518, -0.5237, -0.4806, -0.4747, -0.5298, -0.5076, -0.5418, -0.5518, -0.5237, -0.4806, -0.4747, -0.5298, -0.5076, -0.5418, -0.5518, -0.5237, -0.4806, -0.4747, -0.5298, -0.5076, -0.5418, -0.5518, -0.5237, -0.4806, -0.4747, -0.5298, -0.5076, -0.5418, -0.5518, -0.5237, -0.4806, -0.4747, -0.5298, -0.5076, -0.5418]"
2026-04-06,Bearish,-0.0142,0.508,0.492,"[0.0397, 0.1685, 0.1484, 0.0981, 0.083, 0.1254, 0.1308]","[0.0397, 0.1685, 0.1484, 0.0981, 0.083, 0.1254, 0.1308, 0.1335, 0.1215, 0.1158, 0.132, 0.0764, 0.1197, 0.1402, 0.1335, 0.1125, 0.1158, 0.1349, 0.0764, 0.1197, 0.1402, 0.1335, 0.1125, 0.1158, 0.1349, 0.0764, 0.1197, 0.1402, 0.1335, 0.1125]","[0.0397, 0.1685, 0.1484, 0.0981, 0.083, 0.1254, 0.1308, 0.1335, 0.1215, 0.1158, 0.132, 0.0764, 0.1197, 0.1402, 0.1335, 0.1125, 0.1158, 0.1349, 0.0764, 0.1197, 0.1402, 0.1335, 0.1125, 0.1158, 0.1349, 0.0764, 0.1197, 0.1402, 0.1335, 0.1125, 0.1158, 0.1349, 0.0764, 0.1197, 0.1402, 0.1335, 0.1125, 0.1158, 0.1349, 0.0764, 0.1197, 0.1402, 0.1335, 0.1125, 0.1158, 0.1349, 0.0764, 0.1197, 0.1402, 0.1335, 0.1125, 0.1158, 0.1349, 0.0764, 0.1197, 0.1402, 0.1335, 0.1125, 0.1158, 0.1356, 0.0764, 0.1197, 0.1402, 0.1335, 0.1125, 0.1158, 0.1349, 0.0764, 0.1197, 0.1402, 0.1335, 0.1125, 0.1158, 0.1349, 0.0764, 0.1197, 0.1402, 0.1335, 0.1125, 0.1158, 0.1349, 0.0764, 0.1197, 0.1402, 0.1335, 0.1125, 0.1158, 0.1356, 0.0764, 0.1197]"
2026-04-07,Bearish,-0.0119,0.4987,0.501,"[0.138, 0.0966, 0.1152, 0.1161, 0.0669, 0.1087, 0.1511]","[0.138, 0.0966, 0.1152, 0.1161, 0.0669, 0.1087, 0.1511, 0.1427, 0.099, 0.1152, 0.1161, 0.0669, 0.1087, 0.1511, 0.1427, 0.099, 0.1152, 0.1161, 0.0669, 0.1087, 0.1511, 0.1427, 0.099, 0.1152, 0.1161, 0.0669, 0.1087, 0.1511, 0.1427, 0.099]","[0.138, 0.0966, 0.1152, 0.1161, 0.0669, 0.1087, 0.1511, 0.1427, 0.099, 0.1152, 0.1161, 0.0669, 0.1087, 0.1511, 0.1427, 0.099, 0.1152, 0.1161, 0.0669, 0.1087, 0.1511, 0.1427, 0.099, 0.1152, 0.1161, 0.0669, 0.1087, 0.1511, 0.1427, 0.099, 0.1152, 0.1161, 0.0669, 0.1087, 0.1511, 0.1427, 0.099, 0.1152, 0.1161, 0.0669, 0.1087, 0.1511, 0.1427, 0.099, 0.1152, 0.1161, 0.0669, 0.1087, 0.1511, 0.1427, 0.099, 0.1152, 0.1161, 0.0669, 0.1087, 0.1511, 0.1427, 0.099, 0.1187, 0.1161, 0.0669, 0.1087, 0.1511, 0.1427, 0.099, 0.1152, 0.1161, 0.0669, 0.1087, 0.1511, 0.1427, 0.099, 0.1152, 0.1161, 0.0669, 0.1087, 0.1511, 0.1427, 0.099, 0.1152, 0.1161, 0.0669, 0.1087, 0.1511, 0.1427, 0.099, 0.1187, 0.1161, 0.0669, 0.1087]"
2026-04-08,Bearish,-0.0149,0.5443,0.456,"[-0.2603, -0.1268, 0.0029, 0.0096, -0.0037, 0.0161, 0.0109]","[-0.2603, -0.1268, 0.0029, 0.0096, -0.0037, 0.0161, 0.0109, 0.0083, 0.0326, 0.0034, 0.012, 0.0029, 0.0161, 0.0109, 0.0083, 0.0326, 0.0034, 0.012, 0.0029, 0.0161, 0.0109, 0.0083, 0.0326, 0.0034, 0.012, 0.0029, 0.0161, 0.0109, 0.0083, 0.0326]","[-0.2603, -0.1268, 0.0029, 0.0096, -0.0037, 0.0161, 0.0109, 0.0083, 0.0326, 0.0034, 0.012, 0.0029, 0.0161, 0.0109, 0.0083, 0.0326, 0.0034, 0.012, 0.0029, 0.0161, 0.0109, 0.0083, 0.0326, 0.0034, 0.012, 0.0029, 0.0161, 0.0109, 0.0083, 0.0326, 0.0034, 0.012, 0.0029, 0.0161, 0.0109, 0.0083, 0.0326, 0.0034, 0.012, 0.0029, 0.0161, 0.0109, 0.0083, 0.0326, 0.0034, 0.012, 0.0029, 0.0161, 0.0109, 0.0083, 0.0326, 0.0034, 0.012, 0.0029, 0.0161, 0.0109, 0.0083, 0.024, 0.0034, 0.012, 0.0029, 0.0161, 0.0109, 0.0083, 0.0326, 0.0034, 0.012, 0.0029, 0.0161, 0.0109, 0.0083, 0.0326, 0.0034, 0.012, 0.0029, 0.0161, 0.0109, 0.0083, 0.0326, 0.0034, 0.012, 0.0029, 0.0161, 0.0109, 0.0083, 0.024, 0.0034, 0.012, 0.0029, 0.0161]"
2026-04-09,Stable,-0.0088,0.4458,0.554,"[0.1205, -0.0975, -0.1688, -0.1087, -0.1063, -0.1175, -0.122]","[0.1205, -0.0975, -0.1688, -0.1087, -0.1063, -0.1175, -0.122, -0.1226, -0.1233, -0.132, -0.1186, -0.1146, -0.1175, -0.122, -0.1226, -0.1233, -0.132, -0.1186, -0.1146, -0.1175, -0.122, -0.1226, -0.1233, -0.132, -0.1186, -0.1146, -0.1175, -0.122, -0.1226, -0.1233]","[0.1205, -0.0975, -0.1688, -0.1087, -0.1063, -0.1175, -0.122, -0.1226, -0.1233, -0.132, -0.1186, -0.1146, -0.1175, -0.122, -0.1226, -0.1233, -0.132, -0.1186, -0.1146, -0.1175, -0.122, -0.1226, -0.1233, -0.132, -0.1186, -0.1146, -0.1175, -0.122, -0.1226, -0.1233, -0.132, -0.1186, -0.1146, -0.1175, -0.122, -0.1226, -0.1233, -0.132, -0.1186, -0.1146, -0.1175, -0.122, -0.1226, -0.1233, -0.132, -0.1186, -0.1146, -0.1175, -0.122, -0.1226, -0.1233, -0.132, -0.1186, -0.1146, -0.1175, -0.122, -0.1226, -0.1233, -0.132, -0.1186, -0.1146, -0.1175, -0.122, -0.1226, -0.1233, -0.132, -0.1186, -0.1146, -0.1175, -0.122, -0.1226, -0.1233, -0.132, -0.1186, -0.1146, -0.1175, -0.122, -0.1226, -0.1233, -0.132, -0.1186, -0.1146, -0.1175, -0.122, -0.1226, -0.1233, -0.132, -0.1186, -0.1146, -0.1175]"
2026-04-10,Stable,-0.0082,0.4033,0.597,"[0.021, 0.0194, -0.0376, -0.0547, -0.0268, -0.0458, -0.0416]","[0.021, 0.0194, -0.0376, -0.0547, -0.0268, -0.0458, -0.0416, -0.0214, -0.0174, -0.0561, -0.0781, -0.0452, -0.0395, -0.0416, -0.0214, -0.0174, -0.0561, -0.0781, -0.0452, -0.0395, -0.0416, -0.0214, -0.0174, -0.0561, -0.0781, -0.0452, -0.0395, -0.0416, -0.0214, -0.0174]","[0.021, 0.0194, -0.0376, -0.0547, -0.0268, -0.0458, -0.0416, -0.0214, -0.0174, -0.0561, -0.0781, -0.0452, -0.0395, -0.0416, -0.0214, -0.0174, -0.0561, -0.0781, -0.0452, -0.0395, -0.0416, -0.0214, -0.0174, -0.0561, -0.0781, -0.0452, -0.0395, -0.0416, -0.0214, -0.0174, -0.0561, -0.0781, -0.0452, -0.0395, -0.0416, -0.0214, -0.0174, -0.0561, -0.0781, -0.0452, -0.0395, -0.0416, -0.0214, -0.0174, -0.0561, -0.0781, -0.0452, -0.0395, -0.0416, -0.0214, -0.0174, -0.0561, -0.0781, -0.0452, -0.0395, -0.0416, -0.0214, -0.0174, -0.0561, -0.0781, -0.0452, -0.0395, -0.0416, -0.0214, -0.0174, -0.0561, -0.0781, -0.0452, -0.0395, -0.0416, -0.0214, -0.0174, -0.0561, -0.0781, -0.0452, -0.0395, -0.0416, -0.0214, -0.0174, -0.0561, -0.0781, -0.0452, -0.0395, -0.0416, -0.0214, -0.0174, -0.0561, -0.0781, -0.0452, -0.0395]"
2026-04-11,Bearish,-0.016,0.3482,0.652,"[0.0474, 0.0123, 0.0409, 0.0177, 0.0038, 0.0278, 0.0271]","[0.0474, 0.0123, 0.0409, 0.0177, 0.0038, 0.0278, 0.0271, 0.0337, 0.0495, 0.0451, 0.0177, 0.0038, 0.0278, 0.0271, 0.0337, 0.0495, 0.0451, 0.0177, 0.0038, 0.0278, 0.0271, 0.0337, 0.0495, 0.0451, 0.0177, 0.0038, 0.0278, 0.0271, 0.0337, 0.0495]","[0.0474, 0.0123, 0.0409, 0.0177, 0.0038, 0.0278, 0.0271, 0.0337, 0.0495, 0.0451, 0.0177, 0.0038, 0.0278, 0.0271, 0.0337, 0.0495, 0.0451, 0.0177, 0.0038, 0.0278, 0.0271, 0.0337, 0.0495, 0.0451, 0.0177, 0.0038, 0.0278, 0.0271, 0.0337, 0.0495, 0.0451, 0.0177, 0.0038, 0.0278, 0.0271, 0.0337, 0.0495, 0.0451, 0.0177, 0.0038, 0.0278, 0.0271, 0.0337, 0.0495, 0.0451, 0.0177, 0.0038, 0.0278, 0.0271, 0.0337, 0.0495, 0.0451, 0.0177, 0.0038, 0.0278, 0.0271, 0.0337, 0.0495, 0.0451, 0.0177, 0.0038, 0.0278, 0.0271, 0.0337, 0.0495, 0.0451, 0.0177, 0.0038, 0.0278, 0.0271, 0.0337, 0.0495, 0.0451, 0.0177, 0.0038, 0.0278, 0.0271, 0.0337, 0.0495, 0.0451, 0.0177, 0.0038, 0.0278, 0.0271, 0.0337, 0.0495, 0.0451, 0.0177, 0.0038, 0.0278]"
2026-04-12,Bearish,-0.0211,0.4409,0.559,"[0.057, 0.0566, 0.0222, 0.0142, 0.047, 0.074, 0.0811]","[0.057, 0.0566, 0.0222, 0.0142, 0.047, 0.074, 0.0811, 0.0741, 0.0582, 0.0235, 0.0172, 0.047, 0.074, 0.0811, 0.0741, 0.0582, 0.0235, 0.0172, 0.047, 0.074, 0.0811, 0.0741, 0.0582, 0.0235, 0.0172, 0.047, 0.074, 0.0811, 0.0741, 0.0582]","[0.057, 0.0566, 0.0222, 0.0142, 0.047, 0.074, 0.0811, 0.0741, 0.0582, 0.0235, 0.0172, 0.047, 0.074, 0.0811, 0.0741, 0.0582, 0.0235, 0.0172, 0.047, 0.074, 0.0811, 0.0741, 0.0582, 0.0235, 0.0172, 0.047, 0.074, 0.0811, 0.0741, 0.0582, 0.0235, 0.0172, 0.047, 0.074, 0.0811, 0.0741, 0.0582, 0.0235, 0.0172, 0.047, 0.074, 0.0811, 0.0741, 0.0582, 0.0235, 0.0172, 0.047, 0.074, 0.0811, 0.0741, 0.0582, 0.0235, 0.0172, 0.047, 0.074, 0.0811, 0.0741, 0.0582, 0.0235, 0.0172, 0.0518, 0.074, 0.0811, 0.0741, 0.0582, 0.0235, 0.0172, 0.047, 0.074, 0.0811, 0.0741, 0.0582, 0.0235, 0.0172, 0.047, 0.074, 0.0811, 0.0741, 0.0582, 0.0235, 0.0172, 0.047, 0.074, 0.0811, 0.0741, 0.0582, 0.0235, 0.0172, 0.0518, 0.074]"
2026-04-13,Bearish,-0.0281,0.4367,0.563,"[-0.1973, -0.1176, -0.137, -0.1345, -0.1238, -0.114, -0.1246]","[-0.1973, -0.1176, -0.137, -0.1345, -0.1238, -0.114, -0.1246, -0.1246, -0.1346, -0.1445, -0.1345, -0.1238, -0.114, -0.1246, -0.1246, -0.1346, -0.1445, -0.1345, -0.1238, -0.114, -0.1246, -0.1246, -0.1346, -0.1445, -0.1345, -0.1238, -0.114, -0.1246, -0.1246, -0.1346]","[-0.1973, -0.1176, -0.137, -0.1345, -0.1238, -0.114, -0.1246, -0.1246, -0.1346, -0.1445, -0.1345, -0.1238, -0.114, -0.1246, -0.1246, -0.1346, -0.1445, -0.1345, -0.1238, -0.114, -0.1246, -0.1246, -0.1346, -0.1445, -0.1345, -0.1238, -0.114, -0.1246, -0.1246, -0.1346, -0.1445, -0.1345, -0.1238, -0.114, -0.1246, -0.1246, -0.1346, -0.1445, -0.1345, -0.1238, -0.114, -0.1246, -0.1246, -0.1346, -0.1445, -0.1345, -0.1238, -0.114, -0.1246, -0.1246, -0.1346, -0.1445, -0.1345, -0.1238, -0.114, -0.1246, -0.1246, -0.1346, -0.1445, -0.1333, -0.1238, -0.114, -0.1246, -0.1246, -0.1346, -0.1445, -0.1345, -0.1238, -0.114, -0.1246, -0.1246, -0.1346, -0.1445, -0.1345, -0.1238, -0.114, -0.1246, -0.1246, -0.1346, -0.1445, -0.1345, -0.1238, -0.114, -0.1246, -0.1246, -0.1346, -0.1445, -0.1333, -0.1238, -0.114]"
2026-04-14,Bearish,-0.0265,0.4378,0.562,"[-0.2496, -0.2898, -0.2551, -0.2701, -0.2639, -0.2608, -0.2611]","[-0.2496, -0.2898, -0.2551, -0.2701, -0.2639, -0.2608, -0.2611, -0.2653, -0.2931, -0.2689, -0.2586, -0.2627, -0.2608, -0.2611, -0.2653, -0.2931, -0.2689, -0.2586, -0.2627, -0.2608, -0.2611, -0.2653, -0.2931, -0.2689, -0.2586, -0.2627, -0.2608, -0.2611, -0.2653, -0.2931]","[-0.2496, -0.2898, -0.2551, -0.2701, -0.2639, -0.2608, -0.2611, -0.2653, -0.2931, -0.2689, -0.2586, -0.2627, -0.2608, -0.2611, -0.2653, -0.2931, -0.2689, -0.2586, -0.2627, -0.2608, -0.2611, -0.2653, -0.2931, -0.2689, -0.2586, -0.2627, -0.2608, -0.2611, -0.2653, -0.2931, -0.2689, -0.2586, -0.2627, -0.2608, -0.2611, -0.2653, -0.2931, -0.2689, -0.2586, -0.2627, -0.2608, -0.2611, -0.2653, -0.2931, -0.2689, -0.2586, -0.2627, -0.2608, -0.2611, -0.2653, -0.2931, -0.2689, -0.2586, -0.2627, -0.2608, -0.2611, -0.2653, -0.2931, -0.2689, -0.2572, -0.2627, -0.2608, -0.2611, -0.2653, -0.2931, -0.2689, -0.2586, -0.2627, -0.2608, -0.2611, -0.2653, -0.2931, -0.2689, -0.2586, -0.2627, -0.2608, -0.2611, -0.2653, -0.2931, -0.2689, -0.2586, -0.2627, -0.2608, -0.2611, -0.2653, -0.2931, -0.2689, -0.2572, -0.2627, -0.2608]"
2026-04-15,Bearish,-0.0158,0.4452,0.555,"[-0.123, -0.0773, -0.0498, -0.0908, -0.0597, -0.0784, -0.08]","[-0.123, -0.0773, -0.0498, -0.0908, -0.0597, -0.0784, -0.08, -0.1076, -0.0874, -0.0498, -0.0908, -0.0597, -0.0784, -0.08, -0.1076, -0.0874, -0.0498, -0.0908, -0.0597, -0.0784, -0.08, -0.1076, -0.0874, -0.0498, -0.0908, -0.0597, -0.0784, -0.08, -0.1076, -0.0874]","[-0.123, -0.0773, -0.0498, -0.0908, -0.0597, -0.0784, -0.08, -0.1076, -0.0874, -0.0498, -0.0908, -0.0597, -0.0784, -0.08, -0.1076, -0.0874, -0.0498, -0.0908, -0.0597, -0.0784, -0.08, -0.1076, -0.0874, -0.0498, -0.0908, -0.0597, -0.0784, -0.08, -0.1076, -0.0874, -0.0498, -0.0908, -0.0597, -0.0784, -0.08, -0.1076, -0.0874, -0.0498, -0.0908, -0.0597, -0.0784, -0.08, -0.1076, -0.0874, -0.0498, -0.0908, -0.0597, -0.0784, -0.08, -0.1076, -0.0874, -0.0498, -0.0908, -0.0597, -0.0784, -0.08, -0.1076, -0.0874, -0.0498, -0.0908, -0.0597, -0.0784, -0.08, -0.1076, -0.0874, -0.0498, -0.0908, -0.0597, -0.0784, -0.08, -0.1076, -0.0874, -0.0498, -0.0908, -0.0597, -0.0784, -0.08, -0.1076, -0.0874, -0.0498, -0.0908, -0.0597, -0.0784, -0.08, -0.1076, -0.0874, -0.0498, -0.0908, -0.0597, -0.0784]"
2026-04-16,Stable,-0.0073,0.4598,0.54,"[-0.0468, -0.0548, -0.1199, -0.1124, -0.1144, -0.095, -0.1332]","[-0.0468, -0.0548, -0.1199, -0.1124, -0.1144, -0.095, -0.1332, -0.1188, -0.0618, -0.1221, -0.1124, -0.1144, -0.095, -0.1332, -0.1188, -0.0618, -0.1221, -0.1124, -0.1144, -0.095, -0.1332, -0.1188, -0.0618, -0.1221, -0.1124, -0.1144, -0.095, -0.1332, -0.1188, -0.0618]","[-0.0468, -0.0548, -0.1199, -0.1124, -0.1144, -0.095, -0.1332, -0.1188, -0.0618, -0.1221, -0.1124, -0.1144, -0.095, -0.1332, -0.1188, -0.0618, -0.1221, -0.1124, -0.1144, -0.095, -0.1332, -0.1188, -0.0618, -0.1221, -0.1124, -0.1144, -0.095, -0.1332, -0.1188, -0.0618, -0.1221, -0.1124, -0.1144, -0.095, -0.1332, -0.1188, -0.0618, -0.1221, -0.1124, -0.1144, -0.095, -0.1332, -0.1188, -0.0618, -0.1221, -0.1124, -0.1144, -0.095, -0.1332, -0.1188, -0.0618, -0.1221, -0.1124, -0.1144, -0.095, -0.1332, -0.1188, -0.0599, -0.1221, -0.1124, -0.1144, -0.095, -0.1332, -0.1188, -0.0618, -0.1221, -0.1124, -0.1144, -0.095, -0.1332, -0.1188, -0.0618, -0.1221, -0.1124, -0.1144, -0.095, -0.1332, -0.1188, -0.0618, -0.1221, -0.1124, -0.1144, -0.095, -0.1332, -0.1188, -0.0599, -0.1221, -0.1124, -0.1144, -0.095]"
2026-04-17,Stable,-0.0007,0.554,0.446,"[0.0582, -0.1036, -0.1, -0.1005, -0.0585, -0.148, -0.041]","[0.0582, -0.1036, -0.1, -0.1005, -0.0585, -0.148, -0.041, -0.1194, -0.1025, -0.1008, -0.0985, -0.0605, -0.148, -0.041, -0.1194, -0.1025, -0.1008, -0.0985, -0.0605, -0.148, -0.041, -0.1194, -0.1025, -0.1008, -0.0985, -0.0605, -0.148, -0.041, -0.1194, -0.1025]","[0.0582, -0.1036, -0.1, -0.1005, -0.0585, -0.148, -0.041, -0.1194, -0.1025, -0.1008, -0.0985, -0.0605, -0.148, -0.041, -0.1194, -0.1025, -0.1008, -0.0985, -0.0605, -0.148, -0.041, -0.1194, -0.1025, -0.1008, -0.0985, -0.0605, -0.148, -0.041, -0.1194, -0.1025, -0.1008, -0.0985, -0.0605, -0.148, -0.041, -0.1194, -0.1025, -0.1008, -0.0985, -0.0605, -0.148, -0.041, -0.1194, -0.1025, -0.1008, -0.0985, -0.0605, -0.148, -0.041, -0.1194, -0.1025, -0.1008, -0.0985, -0.0605, -0.148, -0.041, -0.119, -0.1025, -0.1008, -0.0985, -0.0605, -0.148, -0.041, -0.1194, -0.1025, -0.1008, -0.0985, -0.0605, -0.148, -0.041, -0.1194, -0.1025, -0.1008, -0.0985, -0.0605, -0.148, -0.041, -0.1194, -0.1025, -0.1008, -0.0985, -0.0605, -0.148, -0.041, -0.119, -0.1025, -0.1008, -0.0985, -0.0605, -0.148]"
2026-04-18,Bearish,-0.0121,0.4969,0.503,"[0.3443, 0.3053, 0.2621, 0.2663, 0.2603, 0.2773, 0.3078]","[0.3443, 0.3053, 0.2621, 0.2663, 0.2603, 0.2773, 0.3078, 0.3098, 0.3018, 0.2748, 0.2663, 0.2618, 0.2773, 0.3078, 0.3098, 0.3018, 0.2748, 0.2663, 0.2618, 0.2773, 0.3078, 0.3098, 0.3018, 0.2748, 0.2663, 0.2618, 0.2773, 0.3078, 0.3098, 0.3018]","[0.3443, 0.3053, 0.2621, 0.2663, 0.2603, 0.2773, 0.3078, 0.3098, 0.3018, 0.2748, 0.2663, 0.2618, 0.2773, 0.3078, 0.3098, 0.3018, 0.2748, 0.2663, 0.2618, 0.2773, 0.3078, 0.3098, 0.3018, 0.2748, 0.2663, 0.2618, 0.2773, 0.3078, 0.3098, 0.3018, 0.2748, 0.2663, 0.2618, 0.2773, 0.3078, 0.3098, 0.3018, 0.2748, 0.2663, 0.2618, 0.2773, 0.3078, 0.3098, 0.3018, 0.2748, 0.2663, 0.2618, 0.2773, 0.3078, 0.3098, 0.3018, 0.2748, 0.2663, 0.2618, 0.2773, 0.3078, 0.3098, 0.3018, 0.2748, 0.2663, 0.2618, 0.2773, 0.3078, 0.3098, 0.3018, 0.2748, 0.2663, 0.2618, 0.2773, 0.3078, 0.3098, 0.3018, 0.2748, 0.2663, 0.2618, 0.2773, 0.3078, 0.3098, 0.3018, 0.2748, 0.2663, 0.2618, 0.2773, 0.3078, 0.3098, 0.3018, 0.2748, 0.2663, 0.2618, 0.2773]"
2026-04-19,Bearish,-0.0201,0.4339,0.566,"[-0.069, 0.0418, -0.092, -0.0998, -0.0876, -0.0771, -0.0868]","[-0.069, 0.0418, -0.092, -0.0998, -0.0876, -0.0771, -0.0868, -0.0728, -0.0054, -0.0947, -0.1415, -0.1081, -0.0856, -0.0966, -0.0763, -0.0054, -0.092, -0.1415, -0.1081, -0.0856, -0.0966, -0.0763, -0.0054, -0.092, -0.1415, -0.1081, -0.0856, -0.0966, -0.0763, -0.0054]","[-0.069, 0.0418, -0.092, -0.0998, -0.0876, -0.0771, -0.0868, -0.0728, -0.0054, -0.0947, -0.1415, -0.1081, -0.0856, -0.0966, -0.0763, -0.0054, -0.092, -0.1415, -0.1081, -0.0856, -0.0966, -0.0763, -0.0054, -0.092, -0.1415, -0.1081, -0.0856, -0.0966, -0.0763, -0.0054, -0.092, -0.1415, -0.1081, -0.0856, -0.0966, -0.0763, -0.0054, -0.092, -0.1415, -0.1081, -0.0856, -0.0966, -0.0763, -0.0054, -0.092, -0.1415, -0.1081, -0.0856, -0.0966, -0.0763, -0.0054, -0.092, -0.1415, -0.1081, -0.0856, -0.0966, -0.0763, -0.0082, -0.0947, -0.1415, -0.1081, -0.0856, -0.0966, -0.0763, -0.0054, -0.092, -0.1415, -0.1081, -0.0856, -0.0966, -0.0763, -0.0054, -0.092, -0.1415, -0.1081, -0.0856, -0.0966, -0.0763, -0.0054, -0.092, -0.1415, -0.1081, -0.0856, -0.0966, -0.0763, -0.0082, -0.0947, -0.1415, -0.1081, -0.0856]"
