date,brand,trend_score
2026-01-04,ajio,0.5102069650407307
2026-01-05,ajio,0.46939040783747227
2026-01-06,ajio,0.4535173022584274
2026-01-07,ajio,0.4387779899350284
2026-01-08,ajio,0.4326555063545396
2026-01-09,ajio,0.43084143714550593
2026-01-10,ajio,0.43246114179642886
2026-01-11,ajio,0.42857385063421377
2026-01-12,ajio,0.42954567342476757
2026-01-13,ajio,0.42177109110033734
2026-01-14,ajio,0.4023346352892619
2026-01-15,ajio,0.37998271110652515
2026-01-16,ajio,0.35277167297101947
2026-01-17,ajio,0.329447925997729
2026-01-18,ajio,0.3051523562338846
2026-01-19,ajio,0.2925186599566856
2026-01-20,ajio,0.28085678647004036
2026-01-21,ajio,0.2789131408889327
2026-01-22,ajio,0.2769694953078252
2026-01-23,ajio,0.2837722548417016
2026-01-24,ajio,0.28182860926059405
2026-01-25,ajio,0.2750258497267176
2026-01-26,ajio,0.27211038135505633
2026-01-27,ajio,0.28474407763225534
2026-01-28,ajio,0.2993214194905619
2026-01-29,ajio,0.30612417902443834
2026-01-30,ajio,0.2973777739094544
2026-01-31,ajio,0.2915468371661318
2026-02-01,ajio,0.2876595460039167
2026-02-02,ajio,0.2789131408889327
2026-02-03,ajio,0.2585048622873035
2026-02-04,ajio,0.23712476089512052
2026-02-05,ajio,0.22254741903681385
2026-02-06,ajio,0.217688305084045
2026-02-07,ajio,0.2099137227596148
2026-02-08,ajio,0.20894189996906104
2026-02-09,ajio,0.2108855455501686
2026-02-10,ajio,0.22157559624626014
2026-02-11,ajio,0.2293501785706903
2026-02-12,ajio,0.23323746973290538
2026-02-13,ajio,0.23518111531401298
2026-02-14,ajio,0.2458711660101045
2026-02-15,ajio,0.2536457483345347
2026-02-16,ajio,0.25461757112508837
2026-02-17,ajio,0.24198387484788936
2026-02-18,ajio,0.226434710199029
2026-02-19,ajio,0.22157559624626014
2026-02-20,ajio,0.226434710199029
2026-02-21,ajio,0.2400402292667818
2026-02-22,ajio,0.25656121670619597
2026-02-23,ajio,0.27308220414561013
2026-02-24,ajio,0.29737777390945447
2026-02-25,ajio,0.3245888120449601
2026-02-26,ajio,0.34402526785603554
2026-02-27,ajio,0.34791255901825063
2026-02-28,ajio,0.342081622274928
2026-03-01,ajio,0.3323633943693902
2026-03-02,ajio,0.33139157157883653
2026-03-03,ajio,0.329447925997729
2026-03-04,ajio,0.329447925997729
2026-03-05,ajio,0.333335217159944
2026-03-06,ajio,0.3644335464576648
2026-03-07,ajio,0.4256583822625525
2026-03-08,ajio,0.5043760282974081
2026-03-09,ajio,0.5685163324739573
2026-03-10,ajio,0.6171074720016457
2026-03-11,ajio,0.658895851995458
2026-03-12,ajio,0.6909660040837325
2026-03-13,ajio,0.701656054779824
2026-03-14,ajio,0.676388662225426
2026-03-15,ajio,0.6394593961843825
2026-03-16,ajio,0.6015583073527854
2026-03-17,ajio,0.5762909147983872
2026-03-18,ajio,0.5471362310817741
2026-03-19,ajio,0.5306152436423598
2026-03-20,ajio,0.513122433412392
2026-03-21,ajio,0.504376028297408
2026-03-22,ajio,0.4907705092296552
2026-03-23,ajio,0.48299592690522497
2026-03-24,ajio,0.4713340534185798
2026-03-25,ajio,0.4635594710941496
2026-03-26,ajio,0.4538412431886119
2026-03-27,ajio,0.45092577481695056
2026-03-28,ajio,0.43926390133030535
2026-03-29,ajio,0.4217710911003374
2026-03-30,ajio,0.40233463528926194
2026-03-31,ajio,0.3945600529648317
2026-04-01,ajio,0.3955318757553855
2026-04-02,ajio,0.3867854706404015
2026-04-03,ajio,0.3692926604104337
2026-04-04,ajio,0.3352788627410516
2026-01-04,amazon india,0.6666643874897117
2026-01-05,amazon india,0.6666643874897117
2026-01-06,amazon india,0.6666643874897117
2026-01-07,amazon india,0.6666643874897117
2026-01-08,amazon india,0.6592570054064927
2026-01-09,amazon india,0.6419731138789816
2026-01-10,amazon india,0.6243364898713172
2026-01-11,amazon india,0.60317254106212
2026-01-12,amazon india,0.5820085922529229
2026-01-13,amazon india,0.5555536562414264
2026-01-14,amazon india,0.5238077330276306
2026-01-15,amazon india,0.5079347714207326
2026-01-16,amazon india,0.5185167458253314
2026-01-17,amazon india,0.5502626690391271
2026-01-18,amazon india,0.5820085922529229
2026-01-19,amazon india,0.6084635282644194
2026-01-20,amazon india,0.634918464275916
2026-01-21,amazon india,0.6666643874897117
2026-01-22,amazon india,0.6878283362989088
2026-01-23,amazon india,0.6878283362989089
2026-01-24,amazon india,0.6719553746920109
2026-01-25,amazon india,0.6613734002874123
2026-01-26,amazon india,0.6772463618943102
2026-01-27,amazon india,0.6984103107035075
2026-01-28,amazon india,0.7142832723104053
2026-01-29,amazon india,0.7142832723104053
2026-01-30,amazon india,0.7142832723104053
2026-01-31,amazon india,0.7037012979058067
2026-02-01,amazon india,0.6878283362989089
2026-02-02,amazon india,0.6507914258828138
2026-02-03,amazon india,0.619045502669018
2026-02-04,amazon india,0.5872995794552222
2026-02-05,amazon india,0.566135630646025
2026-02-06,amazon india,0.5449716818368279
2026-02-07,amazon india,0.52909872022993
2026-02-08,amazon india,0.5185167458253314
2026-02-09,amazon india,0.5132257586230319
2026-02-10,amazon india,0.5079347714207326
2026-02-11,amazon india,0.5026437842184335
2026-02-12,amazon india,0.4973527970161341
2026-02-13,amazon india,0.4867708226115355
2026-02-14,amazon india,0.4814798354092362
2026-02-15,amazon india,0.4708978610046376
2026-02-16,amazon india,0.46031588660003897
2026-02-17,amazon india,0.44444292499314114
2026-02-18,amazon india,0.4285699633862432
2026-02-19,amazon india,0.41798798898164463
2026-02-20,amazon india,0.41798798898164463
2026-02-21,amazon india,0.42327897618394394
2026-02-22,amazon india,0.4338609505885425
2026-02-23,amazon india,0.43915193779084183
2026-02-24,amazon india,0.4497339121954404
2026-02-25,amazon india,0.4656068738023383
2026-02-26,amazon india,0.4814798354092362
2026-02-27,amazon india,0.4973527970161341
2026-02-28,amazon india,0.5079347714207326
2026-03-01,amazon india,0.513225758623032
2026-03-02,amazon india,0.5185167458253314
2026-03-03,amazon india,0.5238077330276306
2026-03-04,amazon india,0.5343897074322292
2026-03-05,amazon india,0.5396806946345285
2026-03-06,amazon india,0.5396806946345285
2026-03-07,amazon india,0.5396806946345285
2026-03-08,amazon india,0.5449716818368278
2026-03-09,amazon india,0.5502626690391271
2026-03-10,amazon india,0.5502626690391271
2026-03-11,amazon india,0.5449716818368278
2026-03-12,amazon india,0.5449716818368278
2026-03-13,amazon india,0.5502626690391271
2026-03-14,amazon india,0.5555536562414264
2026-03-15,amazon india,0.5608446434437258
2026-03-16,amazon india,0.566135630646025
2026-03-17,amazon india,0.5661356306460249
2026-03-18,amazon india,0.5555536562414264
2026-03-19,amazon india,0.5396806946345285
2026-03-20,amazon india,0.5238077330276306
2026-03-21,amazon india,0.4973527970161341
2026-03-22,amazon india,0.46031588660003897
2026-03-23,amazon india,0.4126970017793453
2026-03-24,amazon india,0.3703691041609509
2026-03-25,amazon india,0.33333219374485584
2026-03-26,amazon india,0.30158627053106
2026-03-27,amazon india,0.2698403473172643
2026-03-28,amazon india,0.24867639850806708
2026-03-29,amazon india,0.23280343690116917
2026-03-30,amazon india,0.2222214624965706
2026-03-31,amazon india,0.21163948809197197
2026-04-01,amazon india,0.20634850088967266
2026-04-02,amazon india,0.20634850088967266
2026-04-03,amazon india,0.20634850088967266
2026-04-04,amazon india,0.19576652648507403
2026-01-04,bigbasket,0.923076923076923
2026-01-05,bigbasket,0.8846153846153846
2026-01-06,bigbasket,0.8632478632478631
2026-01-07,bigbasket,0.8269230769230769
2026-01-08,bigbasket,0.7794871794871794
2026-01-09,bigbasket,0.7350427350427351
2026-01-10,bigbasket,0.7032967032967032
2026-01-11,bigbasket,0.652014652014652
2026-01-12,bigbasket,0.619047619047619
2026-01-13,bigbasket,0.5934065934065933
2026-01-14,bigbasket,0.5787545787545787
2026-01-15,bigbasket,0.5677655677655677
2026-01-16,bigbasket,0.5347985347985348
2026-01-17,bigbasket,0.4981684981684981
2026-01-18,bigbasket,0.4615384615384615
2026-01-19,bigbasket,0.43589743589743585
2026-01-20,bigbasket,0.4065934065934066
2026-01-21,bigbasket,0.3663003663003662
2026-01-22,bigbasket,0.33333333333333326
2026-01-23,bigbasket,0.3223443223443223
2026-01-24,bigbasket,0.32967032967032966
2026-01-25,bigbasket,0.3406593406593406
2026-01-26,bigbasket,0.34798534798534797
2026-01-27,bigbasket,0.3516483516483517
2026-01-28,bigbasket,0.3516483516483517
2026-01-29,bigbasket,0.3443223443223443
2026-01-30,bigbasket,0.3333333333333333
2026-01-31,bigbasket,0.32234432234432236
2026-02-01,bigbasket,0.3186813186813186
2026-02-02,bigbasket,0.30769230769230765
2026-02-03,bigbasket,0.30036630036630035
2026-02-04,bigbasket,0.30769230769230765
2026-02-05,bigbasket,0.33333333333333326
2026-02-06,bigbasket,0.3663003663003662
2026-02-07,bigbasket,0.3846153846153845
2026-02-08,bigbasket,0.3919413919413918
2026-02-09,bigbasket,0.4065934065934065
2026-02-10,bigbasket,0.42857142857142844
2026-02-11,bigbasket,0.44688644688644685
2026-02-12,bigbasket,0.4652014652014652
2026-02-13,bigbasket,0.48351648351648346
2026-02-14,bigbasket,0.5238095238095237
2026-02-15,bigbasket,0.5494505494505495
2026-02-16,bigbasket,0.5494505494505495
2026-02-17,bigbasket,0.5164835164835165
2026-02-18,bigbasket,0.47619047619047616
2026-02-19,bigbasket,0.4358974358974359
2026-02-20,bigbasket,0.3956043956043956
2026-02-21,bigbasket,0.3406593406593406
2026-02-22,bigbasket,0.304029304029304
2026-02-23,bigbasket,0.27838827838827834
2026-02-24,bigbasket,0.2747252747252747
2026-02-25,bigbasket,0.27838827838827834
2026-02-26,bigbasket,0.282051282051282
2026-02-27,bigbasket,0.30036630036630035
2026-02-28,bigbasket,0.3113553113553113
2026-03-01,bigbasket,0.32234432234432236
2026-03-02,bigbasket,0.34065934065934056
2026-03-03,bigbasket,0.37728937728937717
2026-03-04,bigbasket,0.43589743589743585
2026-03-05,bigbasket,0.4871794871794871
2026-03-06,bigbasket,0.5201465201465201
2026-03-07,bigbasket,0.5421245421245421
2026-03-08,bigbasket,0.5567765567765568
2026-03-09,bigbasket,0.5641025641025641
2026-03-10,bigbasket,0.5457875457875457
2026-03-11,bigbasket,0.5091575091575091
2026-03-12,bigbasket,0.4798534798534798
2026-03-13,bigbasket,0.4725274725274725
2026-03-14,bigbasket,0.4835164835164834
2026-03-15,bigbasket,0.5018315018315018
2026-03-16,bigbasket,0.5164835164835164
2026-03-17,bigbasket,0.5274725274725275
2026-03-18,bigbasket,0.531135531135531
2026-03-19,bigbasket,0.531135531135531
2026-03-20,bigbasket,0.531135531135531
2026-03-21,bigbasket,0.5457875457875456
2026-03-22,bigbasket,0.553113553113553
2026-03-23,bigbasket,0.553113553113553
2026-03-24,bigbasket,0.531135531135531
2026-03-25,bigbasket,0.5091575091575091
2026-03-26,bigbasket,0.49084249084249076
2026-03-27,bigbasket,0.46520146520146516
2026-03-28,bigbasket,0.4175824175824176
2026-03-29,bigbasket,0.3699633699633699
2026-03-30,bigbasket,0.32967032967032966
2026-03-31,bigbasket,0.3333333333333333
2026-04-01,bigbasket,0.34798534798534797
2026-04-02,bigbasket,0.358974358974359
2026-04-03,bigbasket,0.358974358974359
2026-04-04,bigbasket,0.34798534798534797
2026-01-04,blinkit,0.7111150009410235
2026-01-05,blinkit,0.6666703133822097
2026-01-06,blinkit,0.6321022230586876
2026-01-07,blinkit,0.5925958341175196
2026-01-08,blinkit,0.5600030632410561
2026-01-09,blinkit,0.5370399746690021
2026-01-10,blinkit,0.526987009625937
2026-01-11,blinkit,0.4973572179200611
2026-01-12,blinkit,0.4804259083738462
2026-01-13,blinkit,0.4867751494536768
2026-01-14,blinkit,0.5037064589998916
2026-01-15,blinkit,0.5301616301658523
2026-01-16,blinkit,0.5312198370124909
2026-01-17,blinkit,0.5280452164725755
2026-01-18,blinkit,0.5216959753927449
2026-01-19,blinkit,0.5216959753927448
2026-01-20,blinkit,0.49947363161333796
2026-01-21,blinkit,0.47513487414065403
2026-01-22,blinkit,0.44444687558813967
2026-01-23,blinkit,0.4465632892814165
2026-01-24,blinkit,0.4497379098213317
2026-01-25,blinkit,0.45820356459443917
2026-01-26,blinkit,0.4624363919809929
2026-01-27,blinkit,0.4645528056742697
2026-01-28,blinkit,0.4560871509011623
2026-01-29,blinkit,0.44127225504822437
2026-01-30,blinkit,0.42434094550200946
2026-01-31,blinkit,0.4105842564957099
2026-02-01,blinkit,0.40635142910915617
2026-02-02,blinkit,0.401060394875964
2026-02-03,blinkit,0.40423501541587936
2026-02-04,blinkit,0.41164246334234833
2026-02-05,blinkit,0.438097634508309
2026-02-06,blinkit,0.47301846044737716
2026-02-07,blinkit,0.5174631480061911
2026-02-08,blinkit,0.5629660424116435
2026-02-09,blinkit,0.6095271436637344
2026-02-10,blinkit,0.6571464517624637
2026-02-11,blinkit,0.6941836913948085
2026-02-12,blinkit,0.7185224488674926
2026-02-13,blinkit,0.7216970694074079
2026-02-14,blinkit,0.7291045173338767
2026-02-15,blinkit,0.7269881036406
2026-02-16,blinkit,0.7132314146343004
2026-02-17,blinkit,0.6709031407687632
2026-02-18,blinkit,0.6285748669032261
2026-02-19,blinkit,0.5873047998843274
2026-02-20,blinkit,0.5629660424116435
2026-02-21,blinkit,0.5333362507057675
2026-02-22,blinkit,0.5079392863864453
2026-02-23,blinkit,0.48889156314695364
2026-02-24,blinkit,0.49100797684023045
2026-02-25,blinkit,0.5111139069263607
2026-02-26,blinkit,0.5301616301658523
2026-02-27,blinkit,0.5418019054788751
2026-02-28,blinkit,0.5439183191721519
2026-03-01,blinkit,0.5481511465587056
2026-03-02,blinkit,0.5746063177246663
2026-03-03,blinkit,0.6169345915902035
2026-03-04,blinkit,0.6645538996889325
2026-03-05,blinkit,0.6994747256280007
2026-03-06,blinkit,0.7195806557141309
2026-03-07,blinkit,0.7301627241805152
2026-03-08,blinkit,0.7386283789536227
2026-03-09,blinkit,0.7291045173338767
2026-03-10,blinkit,0.719580655714131
2026-03-11,blinkit,0.6931254845481702
2026-03-12,blinkit,0.6814852092351475
2026-03-13,blinkit,0.6698449339221247
2026-03-14,blinkit,0.669844933922125
2026-03-15,blinkit,0.6740777613086785
2026-03-16,blinkit,0.6783105886952322
2026-03-17,blinkit,0.6719613476154017
2026-03-18,blinkit,0.6656121065355711
2026-03-19,blinkit,0.6592628654557404
2026-03-20,blinkit,0.6634956928422941
2026-03-21,blinkit,0.6624374859956559
2026-03-22,blinkit,0.6550300380691867
2026-03-23,blinkit,0.6370405216763335
2026-03-24,blinkit,0.608468936817096
2026-03-25,blinkit,0.5851883861910505
2026-03-26,blinkit,0.5735481108780279
2026-03-27,blinkit,0.5735481108780278
2026-03-28,blinkit,0.5693152834914741
2026-03-29,blinkit,0.5523839739452592
2026-03-30,blinkit,0.5386272849389597
2026-03-31,blinkit,0.5354526643990445
2026-04-01,blinkit,0.5407436986322367
2026-04-02,blinkit,0.534394457552406
2026-04-03,blinkit,0.5206377685461064
2026-04-04,blinkit,0.48360052891376143
2026-01-04,delhivery,0.08333380074688955
2026-01-05,delhivery,0.24479303969398788
2026-01-06,delhivery,0.3159739944986226
2026-01-07,delhivery,0.3949674931232782
2026-01-08,delhivery,0.4326413155442679
2026-01-09,delhivery,0.44734047206489974
2026-01-10,delhivery,0.45486366241010506
2026-01-11,delhivery,0.4905781484444862
2026-01-12,delhivery,0.49603452825529454
2026-01-13,delhivery,0.4910741829727415
2026-01-14,delhivery,0.47718521618159326
2026-01-15,delhivery,0.4484152135427862
2026-01-16,delhivery,0.4255976252430426
2026-01-17,delhivery,0.4097245203388732
2026-01-18,delhivery,0.4087324512823626
2026-01-19,delhivery,0.4017879678867884
2026-01-20,delhivery,0.40377210599980967
2026-01-21,delhivery,0.4127007275084049
2026-01-22,delhivery,0.4384945229776802
2026-01-23,delhivery,0.4573438350513814
2026-01-24,delhivery,0.47123280184252964
2026-01-25,delhivery,0.4712328018425296
2026-01-26,delhivery,0.4424627992037226
2026-01-27,delhivery,0.41071658939538375
2026-01-28,delhivery,0.36805761996542846
2026-01-29,delhivery,0.3462321007221954
2026-01-30,delhivery,0.3234145124224519
2026-01-31,delhivery,0.3045652003487508
2026-02-01,delhivery,0.29563657884015543
2026-02-02,delhivery,0.3174620980833884
2026-02-03,delhivery,0.3482162388352167
2026-02-04,delhivery,0.39881176071725666
2026-02-05,delhivery,0.43353417769512737
2026-02-06,delhivery,0.4692486637295085
2026-02-07,delhivery,0.4861138376901887
2026-02-08,delhivery,0.4910741829727415
2026-02-09,delhivery,0.49702659731180504
2026-02-10,delhivery,0.5059552188204004
2026-02-11,delhivery,0.5109155641029532
2026-02-12,delhivery,0.5138917712724851
2026-02-13,delhivery,0.5158759093855061
2026-02-14,delhivery,0.5287728071201437
2026-02-15,delhivery,0.5377014286287392
2026-02-16,delhivery,0.545637981080824
2026-02-17,delhivery,0.540677635798271
2026-02-18,delhivery,0.5248045308941016
2026-02-19,delhivery,0.48909004485972035
2026-02-20,delhivery,0.46627245655997684
2026-02-21,delhivery,0.45535969693836037
2026-02-22,delhivery,0.4632962493904451
2026-02-23,delhivery,0.46131211127742383
2026-02-24,delhivery,0.46032004222091333
2026-02-25,delhivery,0.47123280184252975
2026-02-26,delhivery,0.49305832108576275
2026-02-27,delhivery,0.5148838403289956
2026-02-28,delhivery,0.5138917712724852
2026-03-01,delhivery,0.5049631497638898
2026-03-02,delhivery,0.49405039014227325
2026-03-03,delhivery,0.48313763052065684
2026-03-04,delhivery,0.45039935165580736
2026-03-05,delhivery,0.43155003958210614
2026-03-06,delhivery,0.4265896942995531
2026-03-07,delhivery,0.4593279731644026
2026-03-08,delhivery,0.4771852161815932
2026-03-09,delhivery,0.5019869425943579
2026-03-10,delhivery,0.5228203927810803
2026-03-11,delhivery,0.5694476384370779
2026-03-12,delhivery,0.603177986358438
2026-03-13,delhivery,0.6259955746581816
2026-03-14,delhivery,0.6299638508842239
2026-03-15,delhivery,0.6438528176753722
2026-03-16,delhivery,0.6617100606925628
2026-03-17,delhivery,0.6865117871053275
2026-03-18,delhivery,0.7123055825746029
2026-03-19,delhivery,0.729170756535283
2026-03-20,delhivery,0.7331390327613252
2026-03-21,delhivery,0.7152817897441346
2026-03-22,delhivery,0.7013928229529864
2026-03-23,delhivery,0.680559372766264
2026-03-24,delhivery,0.6627021297490734
2026-03-25,delhivery,0.6319479889972452
2026-03-26,delhivery,0.6101224697540122
2026-03-27,delhivery,0.5942493648498427
2026-03-28,delhivery,0.5863128123977581
2026-03-29,delhivery,0.5704397074935886
2026-03-30,delhivery,0.5476221191938451
2026-03-31,delhivery,0.523812461837591
2026-04-01,delhivery,0.5049631497638898
2026-04-02,delhivery,0.49603452825529454
2026-04-03,delhivery,0.47817728523810393
2026-04-04,delhivery,0.47520107806857215
2026-01-04,firstcry,0.2173920314058836
2026-01-05,firstcry,0.18478322669500102
2026-01-06,firstcry,0.1714981581090859
2026-01-07,firstcry,0.15760922276926553
2026-01-08,firstcry,0.15507298240286357
2026-01-09,firstcry,0.15096668847630795
2026-01-10,firstcry,0.1480336213859111
2026-01-11,firstcry,0.13354081929218556
2026-01-12,firstcry,0.1325056191426337
2026-01-13,firstcry,0.13457601944173736
2026-01-14,firstcry,0.14699842123635926
2026-01-15,firstcry,0.1635616236291885
2026-01-16,firstcry,0.1821952263211214
2026-01-17,firstcry,0.21325123080767616
2026-01-18,firstcry,0.23602563409781638
2026-01-19,firstcry,0.2670816385843712
2026-01-20,firstcry,0.2836448409772004
2026-01-21,firstcry,0.291926442173615
2026-01-22,firstcry,0.27536323978078575
2026-01-23,firstcry,0.24844803589243825
2026-01-24,firstcry,0.21118083050857253
2026-01-25,firstcry,0.18426562662022505
2026-01-26,firstcry,0.14492802093725568
2026-01-27,firstcry,0.11594241674980454
2026-01-28,firstcry,0.08695681256235341
2026-01-29,firstcry,0.07246401046862785
2026-01-30,firstcry,0.06832320987042055
2026-01-31,firstcry,0.06004160867400591
2026-02-01,firstcry,0.05797120837490224
2026-02-02,firstcry,0.0559008080757986
2026-02-03,firstcry,0.06004160867400588
2026-02-04,firstcry,0.062112008973109534
2026-02-05,firstcry,0.06625280957131685
2026-02-06,firstcry,0.09730881405787165
2026-02-07,firstcry,0.17598402542381045
2026-02-08,firstcry,0.24844803589243827
2026-02-09,firstcry,0.33540484845479174
2026-02-10,firstcry,0.41615046011983414
2026-02-11,firstcry,0.5320928768696387
2026-02-12,firstcry,0.6024864870391629
2026-02-13,firstcry,0.6024864870391629
2026-02-14,firstcry,0.5258816759723276
2026-02-15,firstcry,0.4513472652045962
2026-02-16,firstcry,0.3643904526422428
2026-02-17,firstcry,0.27950404037899307
2026-02-18,firstcry,0.16149122333008487
2026-02-19,firstcry,0.08902721286145701
2026-02-20,firstcry,0.06211200897310952
2026-02-21,firstcry,0.07246401046862778
2026-02-22,firstcry,0.08281601196414604
2026-02-23,firstcry,0.09109761316056064
2026-02-24,firstcry,0.09937921435697525
2026-02-25,firstcry,0.10352001495518258
2026-02-26,firstcry,0.10559041525428622
2026-02-27,firstcry,0.10352001495518255
2026-02-28,firstcry,0.1014496146560789
2026-03-01,firstcry,0.0973088140578716
2026-03-02,firstcry,0.09523841375876795
2026-03-03,firstcry,0.09109761316056064
2026-03-04,firstcry,0.0931680134596643
2026-03-05,firstcry,0.0931680134596643
2026-03-06,firstcry,0.09523841375876797
2026-03-07,firstcry,0.09316801345966436
2026-03-08,firstcry,0.09316801345966434
2026-03-09,firstcry,0.09316801345966436
2026-03-10,firstcry,0.09523841375876799
2026-03-11,firstcry,0.0993792143569753
2026-03-12,firstcry,0.1076608155533899
2026-03-13,firstcry,0.11594241674980449
2026-03-14,firstcry,0.12215361764711544
2026-03-15,firstcry,0.1283648185444264
2026-03-16,firstcry,0.1325056191426337
2026-03-17,firstcry,0.13664641974084102
2026-03-18,firstcry,0.13457601944173733
2026-03-19,firstcry,0.13043521884353007
2026-03-20,firstcry,0.12836481854442638
2026-03-21,firstcry,0.12836481854442638
2026-03-22,firstcry,0.12836481854442638
2026-03-23,firstcry,0.12422401794621908
2026-03-24,firstcry,0.11594241674980449
2026-03-25,firstcry,0.1076608155533899
2026-03-26,firstcry,0.10144961465607895
2026-03-27,firstcry,0.09523841375876801
2026-03-28,firstcry,0.08902721286145704
2026-03-29,firstcry,0.08074561166504243
2026-03-30,firstcry,0.07867521136593879
2026-03-31,firstcry,0.10973121585249355
2026-04-01,firstcry,0.15528002243277392
2026-04-02,firstcry,0.21739203140588348
2026-04-03,firstcry,0.2567296370888529
2026-04-04,firstcry,0.2939968424727187
2026-01-04,flipkart,0.9000039230638461
2026-01-05,flipkart,0.8583370747738533
2026-01-06,flipkart,0.842596265419856
2026-01-07,flipkart,0.8097257517688616
2026-01-08,flipkart,0.7766700521254674
2026-01-09,flipkart,0.7379661797138739
2026-01-10,flipkart,0.7150824820815921
2026-01-11,flipkart,0.6722251524118852
2026-01-12,flipkart,0.6365107110204627
2026-01-13,flipkart,0.5873041473256141
2026-01-14,flipkart,0.5523833601873342
2026-01-15,flipkart,0.5365102751244799
2026-01-16,flipkart,0.5555579771999052
2026-01-17,flipkart,0.5888914558318994
2026-01-18,flipkart,0.62698685998275
2026-01-19,flipkart,0.6666695726398862
2026-01-20,flipkart,0.7047649767907369
2026-01-21,flipkart,0.730161912891304
2026-01-22,flipkart,0.7396857639290166
2026-01-23,flipkart,0.7142888278284496
2026-01-24,flipkart,0.6777807321838843
2026-01-25,flipkart,0.6365107110204629
2026-01-26,flipkart,0.619050317451323
2026-01-27,flipkart,0.6063518494010394
2026-01-28,flipkart,0.5777802962879014
2026-01-29,flipkart,0.533335658111909
2026-01-30,flipkart,0.4984148709736293
2026-01-31,flipkart,0.465081392341635
2026-02-01,flipkart,0.4380971477347824
2026-02-02,flipkart,0.39365250955879
2026-02-03,flipkart,0.36666826495193744
2026-02-04,flipkart,0.36190633943308104
2026-02-05,flipkart,0.3746048074833646
2026-02-06,flipkart,0.38254135001479184
2026-02-07,flipkart,0.37301749897707914
2026-02-08,flipkart,0.3666682649519374
2026-02-09,flipkart,0.36508095644565197
2026-02-10,flipkart,0.3619063394330811
2026-02-11,flipkart,0.3539697969016539
2026-02-12,flipkart,0.35079517988908304
2026-02-13,flipkart,0.353969796901654
2026-02-14,flipkart,0.36349364793936656
2026-02-15,flipkart,0.3555571054079394
2026-02-16,flipkart,0.3412713288513704
2026-02-17,flipkart,0.3269855522948014
2026-02-18,flipkart,0.3095251587256615
2026-02-19,flipkart,0.2920647651565216
2026-02-20,flipkart,0.28412822262509435
2026-02-21,flipkart,0.30158861619423427
2026-02-22,flipkart,0.3349220948262286
2026-02-23,flipkart,0.3587317224205102
2026-02-24,flipkart,0.3682555734582229
2026-02-25,flipkart,0.38571596702736277
2026-02-26,flipkart,0.39523981806507535
2026-02-27,flipkart,0.3984144350776463
2026-02-28,flipkart,0.38571596702736277
2026-03-01,flipkart,0.37619211598965013
2026-03-02,flipkart,0.38095404150850637
2026-03-03,flipkart,0.3968271265713608
2026-03-04,flipkart,0.40793828611535893
2026-03-05,flipkart,0.4269859881907843
2026-03-06,flipkart,0.45714484981020775
2026-03-07,flipkart,0.5127006475301982
2026-03-08,flipkart,0.5603199027187614
2026-03-09,flipkart,0.5920660728444704
2026-03-10,flipkart,0.6079391579073248
2026-03-11,flipkart,0.6380980195267483
2026-03-12,flipkart,0.6730188066650279
2026-03-13,flipkart,0.7031776682844514
2026-03-14,flipkart,0.7111142108158786
2026-03-15,flipkart,0.7174634448410203
2026-03-16,flipkart,0.7222253703598767
2026-03-17,flipkart,0.7238126788661621
2026-03-18,flipkart,0.7142888278284495
2026-03-19,flipkart,0.7015903597781659
2026-03-20,flipkart,0.6777807321838842
2026-03-21,flipkart,0.6349234025141772
2026-03-22,flipkart,0.5936533813507558
2026-03-23,flipkart,0.5634945197313325
2026-03-24,flipkart,0.544446817655907
2026-03-25,flipkart,0.51904988155534
2026-03-26,flipkart,0.5000021794799147
2026-03-27,flipkart,0.48254178591077473
2026-03-28,flipkart,0.4603194668227786
2026-03-29,flipkart,0.4253986796844988
2026-03-30,flipkart,0.3888905840399336
2026-03-31,flipkart,0.37619211598965
2026-04-01,flipkart,0.3746048074833646
2026-04-02,flipkart,0.36508095644565197
2026-04-03,flipkart,0.3492078713827976
2026-04-04,flipkart,0.3492078713827976
2026-01-04,h&m india,1.0
2026-01-05,h&m india,0.9615384615384616
2026-01-06,h&m india,0.9230769230769231
2026-01-07,h&m india,0.891025641025641
2026-01-08,h&m india,0.8666666666666665
2026-01-09,h&m india,0.8504273504273504
2026-01-10,h&m india,0.8315018315018314
2026-01-11,h&m india,0.7838827838827837
2026-01-12,h&m india,0.7362637362637361
2026-01-13,h&m india,0.6776556776556776
2026-01-14,h&m india,0.608058608058608
2026-01-15,h&m india,0.5421245421245421
2026-01-16,h&m india,0.48351648351648346
2026-01-17,h&m india,0.4395604395604395
2026-01-18,h&m india,0.4029304029304029
2026-01-19,h&m india,0.3699633699633699
2026-01-20,h&m india,0.35531135531135527
2026-01-21,h&m india,0.3516483516483516
2026-01-22,h&m india,0.34798534798534797
2026-01-23,h&m india,0.33699633699633696
2026-01-24,h&m india,0.3186813186813186
2026-01-25,h&m india,0.3076923076923077
2026-01-26,h&m india,0.315018315018315
2026-01-27,h&m india,0.3186813186813186
2026-01-28,h&m india,0.3186813186813186
2026-01-29,h&m india,0.3003663003663004
2026-01-30,h&m india,0.293040293040293
2026-01-31,h&m india,0.293040293040293
2026-02-01,h&m india,0.30036630036630035
2026-02-02,h&m india,0.2893772893772893
2026-02-03,h&m india,0.293040293040293
2026-02-04,h&m india,0.30036630036630035
2026-02-05,h&m india,0.32600732600732596
2026-02-06,h&m india,0.32600732600732596
2026-02-07,h&m india,0.31501831501831495
2026-02-08,h&m india,0.293040293040293
2026-02-09,h&m india,0.27838827838827834
2026-02-10,h&m india,0.2564102564102564
2026-02-11,h&m india,0.22710622710622705
2026-02-12,h&m india,0.19780219780219777
2026-02-13,h&m india,0.17582417582417578
2026-02-14,h&m india,0.1721611721611721
2026-02-15,h&m india,0.17582417582417578
2026-02-16,h&m india,0.1868131868131868
2026-02-17,h&m india,0.19047619047619044
2026-02-18,h&m india,0.19413919413919412
2026-02-19,h&m india,0.19047619047619044
2026-02-20,h&m india,0.1978021978021978
2026-02-21,h&m india,0.1941391941391941
2026-02-22,h&m india,0.17948717948717946
2026-02-23,h&m india,0.1538461538461538
2026-02-24,h&m india,0.12820512820512817
2026-02-25,h&m india,0.12087912087912082
2026-02-26,h&m india,0.12087912087912084
2026-02-27,h&m india,0.12454212454212449
2026-02-28,h&m india,0.12087912087912081
2026-03-01,h&m india,0.12087912087912081
2026-03-02,h&m india,0.12087912087912082
2026-03-03,h&m india,0.13919413919413914
2026-03-04,h&m india,0.1538461538461538
2026-03-05,h&m india,0.1721611721611721
2026-03-06,h&m india,0.1758241758241758
2026-03-07,h&m india,0.19780219780219777
2026-03-08,h&m india,0.22710622710622708
2026-03-09,h&m india,0.26007326007326004
2026-03-10,h&m india,0.26739926739926734
2026-03-11,h&m india,0.2637362637362637
2026-03-12,h&m india,0.2564102564102564
2026-03-13,h&m india,0.25274725274725274
2026-03-14,h&m india,0.2344322344322344
2026-03-15,h&m india,0.21245421245421242
2026-03-16,h&m india,0.1941391941391941
2026-03-17,h&m india,0.1941391941391941
2026-03-18,h&m india,0.1941391941391941
2026-03-19,h&m india,0.19047619047619044
2026-03-20,h&m india,0.1831501831501831
2026-03-21,h&m india,0.17948717948717943
2026-03-22,h&m india,0.1721611721611721
2026-03-23,h&m india,0.16117216117216113
2026-03-24,h&m india,0.14285714285714282
2026-03-25,h&m india,0.12820512820512817
2026-03-26,h&m india,0.11721611721611717
2026-03-27,h&m india,0.11355311355311352
2026-03-28,h&m india,0.10622710622710621
2026-03-29,h&m india,0.09890109890109888
2026-03-30,h&m india,0.09157509157509153
2026-03-31,h&m india,0.08791208791208788
2026-04-01,h&m india,0.08791208791208785
2026-04-02,h&m india,0.08791208791208785
2026-04-03,h&m india,0.08791208791208785
2026-04-04,h&m india,0.08424908424908417
2026-01-04,lenskart,0.9772780236688275
2026-01-05,lenskart,0.9204595339206398
2026-01-06,lenskart,0.8813179076496661
2026-01-07,lenskart,0.8352317992983583
2026-01-08,lenskart,0.7969740162012453
2026-01-09,lenskart,0.768943561258806
2026-01-10,lenskart,0.756497606361584
2026-01-11,lenskart,0.7294411826719707
2026-01-12,lenskart,0.71970087014371
2026-01-13,lenskart,0.7099605576154492
2026-01-14,lenskart,0.6948089603492658
2026-01-15,lenskart,0.6893976756113435
2026-01-16,lenskart,0.6839863908734206
2026-01-17,lenskart,0.682904133925836
2026-01-18,lenskart,0.676410592240329
2026-01-19,lenskart,0.6720815644499908
2026-01-20,lenskart,0.6709993075024062
2026-01-21,lenskart,0.6753283352927444
2026-01-22,lenskart,0.6688347936072372
2026-01-23,lenskart,0.6504364254983004
2026-01-24,lenskart,0.6201332309659335
2026-01-25,lenskart,0.6028171198045812
2026-01-26,lenskart,0.6147219462280109
2026-01-27,lenskart,0.6309558004417789
2026-01-28,lenskart,0.6331203143369478
2026-01-29,lenskart,0.6212154879135181
2026-01-30,lenskart,0.6168864601231799
2026-01-31,lenskart,0.6222977448611027
2026-02-01,lenskart,0.6190509740183491
2026-02-02,lenskart,0.5930768072763205
2026-02-03,lenskart,0.5703494113770454
2026-02-04,lenskart,0.5649381266391227
2026-02-05,lenskart,0.5681848974818763
2026-02-06,lenskart,0.5746784391673834
2026-02-07,lenskart,0.575760696114968
2026-02-08,lenskart,0.594159064223905
2026-02-09,lenskart,0.6082284045425038
2026-02-10,lenskart,0.6103929184376728
2026-02-11,lenskart,0.6082284045425038
2026-02-12,lenskart,0.6309558004417789
2026-02-13,lenskart,0.6634235088693147
2026-02-14,lenskart,0.6904799325589277
2026-02-15,lenskart,0.676410592240329
2026-02-16,lenskart,0.6536831963410539
2026-02-17,lenskart,0.6277090295990252
2026-02-18,lenskart,0.5995703489618276
2026-02-19,lenskart,0.5508687863205237
2026-02-20,lenskart,0.5032494806268047
2026-02-21,lenskart,0.475110799989607
2026-02-22,lenskart,0.477275313884776
2026-02-23,lenskart,0.48485111251786767
2026-02-24,lenskart,0.49459142504612846
2026-02-25,lenskart,0.5086607653647273
2026-02-26,lenskart,0.5216478487357415
2026-02-27,lenskart,0.5270591334736643
2026-02-28,lenskart,0.5281413904212487
2026-03-01,lenskart,0.5303059043164179
2026-03-02,lenskart,0.5389639598970941
2026-03-03,lenskart,0.5476220154777702
2026-03-04,lenskart,0.5541155571632774
2026-03-05,lenskart,0.5692671544294609
2026-03-06,lenskart,0.5898300364335668
2026-03-07,lenskart,0.6114751753852573
2026-03-08,lenskart,0.6212154879135181
2026-03-09,lenskart,0.6233800018086872
2026-03-10,lenskart,0.6244622587562716
2026-03-11,lenskart,0.6298735434941943
2026-03-12,lenskart,0.6255445157038563
2026-03-13,lenskart,0.6114751753852573
2026-03-14,lenskart,0.5995703489618276
2026-03-15,lenskart,0.5930768072763204
2026-03-16,lenskart,0.5887477794859823
2026-03-17,lenskart,0.5725139252722145
2026-03-18,lenskart,0.5508687863205237
2026-03-19,lenskart,0.538963959897094
2026-03-20,lenskart,0.5313881612640023
2026-03-21,lenskart,0.520565591788157
2026-03-22,lenskart,0.5140720501026499
2026-03-23,lenskart,0.5064962514695582
2026-03-24,lenskart,0.5054139945219736
2026-03-25,lenskart,0.49350916809854384
2026-03-26,lenskart,0.47835757083236047
2026-03-27,lenskart,0.46969951525168424
2026-03-28,lenskart,0.45779468882825447
2026-03-29,lenskart,0.4415608346144866
2026-03-30,lenskart,0.4253269804007187
2026-03-31,lenskart,0.440478577666902
2026-04-01,lenskart,0.47294628609443784
2026-04-02,lenskart,0.5054139945219737
2026-04-03,lenskart,0.5162365639978189
2026-04-04,lenskart,0.4967559389412975
2026-01-04,meesho,0.8125011718676757
2026-01-05,meesho,0.7500010817240083
2026-01-06,meesho,0.7083343549615633
2026-01-07,meesho,0.6666676281991184
2026-01-08,meesho,0.6416675921416515
2026-01-09,meesho,0.6250009014366735
2026-01-10,meesho,0.6160723171304353
2026-01-11,meesho,0.5803579799054827
2026-01-12,meesho,0.5565484217555141
2026-01-13,meesho,0.5238102792993075
2026-01-14,meesho,0.4851197473056086
2026-01-15,meesho,0.4434530205431636
2026-01-16,meesho,0.4017862937807187
2026-01-17,meesho,0.3660719565557659
2026-01-18,meesho,0.3303576193308132
2026-01-19,meesho,0.30654806118084466
2026-01-20,meesho,0.30357186641209855
2026-01-21,meesho,0.3184528402558289
2026-01-22,meesho,0.3273814245620671
2026-01-23,meesho,0.3214290350245749
2026-01-24,meesho,0.3065480611808446
2026-01-25,meesho,0.30952425594959065
2026-01-26,meesho,0.3184528402558288
2026-01-27,meesho,0.3214290350245749
2026-01-28,meesho,0.30952425594959065
2026-01-29,meesho,0.3005956716433525
2026-01-30,meesho,0.3095242559495907
2026-01-31,meesho,0.3184528402558289
2026-02-01,meesho,0.32142903502457504
2026-02-02,meesho,0.3125004507183367
2026-02-03,meesho,0.3125004507183367
2026-02-04,meesho,0.3184528402558289
2026-02-05,meesho,0.32738142456206715
2026-02-06,meesho,0.32440522979332104
2026-02-07,meesho,0.3184528402558289
2026-02-08,meesho,0.30654806118084466
2026-02-09,meesho,0.2946432821058604
2026-02-10,meesho,0.276786113493384
2026-02-11,meesho,0.2559527501121615
2026-02-12,meesho,0.23809558149968507
2026-02-13,meesho,0.22619080242470083
2026-02-14,meesho,0.22023841288720872
2026-02-15,meesho,0.20238124427473228
2026-02-16,meesho,0.1815478808935098
2026-02-17,meesho,0.15773832274354124
2026-02-18,meesho,0.1428573488998109
2026-02-19,meesho,0.12797637505608056
2026-02-20,meesho,0.12500018028733453
2026-02-21,meesho,0.145833543668557
2026-02-22,meesho,0.19345265996849406
2026-02-23,meesho,0.2470241658059233
2026-02-24,meesho,0.2886908925683682
2026-02-25,meesho,0.31547664548708276
2026-02-26,meesho,0.3363100088683053
2026-02-27,meesho,0.35119098271203564
2026-02-28,meesho,0.34226239840579736
2026-03-01,meesho,0.3154766454870828
2026-03-02,meesho,0.2827385030308761
2026-03-03,meesho,0.26488133441839967
2026-03-04,meesho,0.2500003605746694
2026-03-05,meesho,0.2380955814996851
2026-03-06,meesho,0.22916699719344696
2026-03-07,meesho,0.2648813344183997
2026-03-08,meesho,0.3154766454870828
2026-03-09,meesho,0.37797673563075024
2026-03-10,meesho,0.4166672676244491
2026-03-11,meesho,0.46428638392438604
2026-03-12,meesho,0.5089293054555771
2026-03-13,meesho,0.5476198374492759
2026-03-14,meesho,0.5446436426805298
2026-03-15,meesho,0.5357150583742916
2026-03-16,meesho,0.5178578897618151
2026-03-17,meesho,0.5178578897618151
2026-03-18,meesho,0.511905500224323
2026-03-19,meesho,0.5059531106868309
2026-03-20,meesho,0.5000007211493388
2026-03-21,meesho,0.4880959420743545
2026-03-22,meesho,0.4702387734618781
2026-03-23,meesho,0.44642921531190966
2026-03-24,meesho,0.41964346239319505
2026-03-25,meesho,0.39285770947448045
2026-03-26,meesho,0.37202434609325796
2026-03-27,meesho,0.35416717748078164
2026-03-28,meesho,0.3363100088683053
2026-03-29,meesho,0.3125004507183367
2026-03-30,meesho,0.2916670873371144
2026-03-31,meesho,0.2797623082621301
2026-04-01,meesho,0.2827385030308761
2026-04-02,meesho,0.2857146977996222
2026-04-03,meesho,0.2946432821058604
2026-04-04,meesho,0.3154766454870828
2026-01-04,myntra,0.7499963942758407
2026-01-05,myntra,0.6562468449913608
2026-01-06,myntra,0.6180525841717578
2026-01-07,myntra,0.5677056040004629
2026-01-08,myntra,0.537497415897686
2026-01-09,myntra,0.5243030348872777
2026-01-10,myntra,0.5208308293582229
2026-01-11,myntra,0.5029737723516552
2026-01-12,myntra,0.5059499485194164
2026-01-13,myntra,0.5059499485194164
2026-01-14,myntra,0.4999975961838939
2026-01-15,myntra,0.4940452438483714
2026-01-16,myntra,0.48809289151284885
2026-01-17,myntra,0.4880928915128489
2026-01-18,myntra,0.4642834821707587
2026-01-19,myntra,0.44047407282866846
2026-01-20,myntra,0.41666466348657827
2026-01-21,myntra,0.4107123111510557
2026-01-22,myntra,0.4047599588155332
2026-01-23,myntra,0.38095054947344303
2026-01-24,myntra,0.3571411401313528
2026-01-25,myntra,0.34523643546030774
2026-01-26,myntra,0.35714114013135284
2026-01-27,myntra,0.36309349246687544
2026-01-28,myntra,0.35714114013135284
2026-01-29,myntra,0.33333173078926265
2026-01-30,myntra,0.32737937845374016
2026-01-31,myntra,0.3095223214471725
2026-02-01,myntra,0.30356996911164985
2026-02-02,myntra,0.2797605597695597
2026-02-03,myntra,0.2797605597695597
2026-02-04,myntra,0.29166526444060487
2026-02-05,myntra,0.3333317307892626
2026-02-06,myntra,0.3630934924668753
2026-02-07,myntra,0.39285525414448796
2026-02-08,myntra,0.40475995881553317
2026-02-09,myntra,0.42856936815762325
2026-02-10,myntra,0.44642642516419095
2026-02-11,myntra,0.45237877749971345
2026-02-12,myntra,0.4404740728286684
2026-02-13,myntra,0.4226170158221008
2026-02-14,myntra,0.40475995881553317
2026-02-15,myntra,0.3809505494734429
2026-02-16,myntra,0.3392840831247851
2026-02-17,myntra,0.28571291210508215
2026-02-18,myntra,0.23809409342090182
2026-02-19,myntra,0.20237997940776653
2026-02-20,myntra,0.19047527473672146
2026-02-21,myntra,0.20833233174328905
2026-02-22,myntra,0.23809409342090182
2026-02-23,myntra,0.2678558550985145
2026-02-24,myntra,0.29166526444060475
2026-02-25,myntra,0.32142702611821744
2026-02-26,myntra,0.3511887877958302
2026-02-27,myntra,0.38690290180896547
2026-02-28,myntra,0.4285693681576233
2026-03-01,myntra,0.49404524384837134
2026-03-02,myntra,0.5595211195391193
2026-03-03,myntra,0.6249969952298674
2026-03-04,myntra,0.6845205185850928
2026-03-05,myntra,0.7440440419403181
2026-03-06,myntra,0.785710508288976
2026-03-07,myntra,0.8035675652955439
2026-03-08,myntra,0.7916628606244986
2026-03-09,myntra,0.785710508288976
2026-03-10,myntra,0.7916628606244986
2026-03-11,myntra,0.8154722699665888
2026-03-12,myntra,0.8273769746376339
2026-03-13,myntra,0.8214246223021113
2026-03-14,myntra,0.8095199176310663
2026-03-15,myntra,0.8095199176310662
2026-03-16,myntra,0.8035675652955439
2026-03-17,myntra,0.7738058036179309
2026-03-18,myntra,0.7142822802627056
2026-03-19,myntra,0.65475875690748
2026-03-20,myntra,0.6071399382232997
2026-03-21,myntra,0.5595211195391193
2026-03-22,myntra,0.5119023008549389
2026-03-23,myntra,0.4702358345062812
2026-03-24,myntra,0.44642642516419095
2026-03-25,myntra,0.4285693681576233
2026-03-26,myntra,0.4226170158221008
2026-03-27,myntra,0.42856936815762336
2026-03-28,myntra,0.4345217204931459
2026-03-29,myntra,0.42856936815762336
2026-03-30,myntra,0.41666466348657827
2026-03-31,myntra,0.41666466348657827
2026-04-01,myntra,0.4345217204931459
2026-04-02,myntra,0.44642642516419107
2026-04-03,myntra,0.4523787774997136
2026-04-04,myntra,0.44047407282866846
2026-01-04,nykaa,0.28571607535066157
2026-01-05,nykaa,0.2928589772344281
2026-01-06,nykaa,0.28730338688038753
2026-01-07,nykaa,0.2809541407614839
2026-01-08,nykaa,0.272382658500964
2026-01-09,nykaa,0.26587468122908786
2026-01-10,nykaa,0.2619064024047731
2026-01-11,nykaa,0.2544233623360653
2026-01-12,nykaa,0.24694032226735751
2026-01-13,nykaa,0.2380967294588846
2026-01-14,nykaa,0.22857286028052926
2026-01-15,nykaa,0.22585175480099914
2026-01-16,nykaa,0.23061368939017682
2026-01-17,nykaa,0.23945728219864967
2026-01-18,nykaa,0.2510219804866527
2026-01-19,nykaa,0.25782474418547796
2026-01-20,nykaa,0.270749995213246
2026-01-21,nykaa,0.28163441713136644
2026-01-22,nykaa,0.28911745720007426
2026-01-23,nykaa,0.2843555226108966
2026-01-24,nykaa,0.27823303528195376
2026-01-25,nykaa,0.27755275891207126
2026-01-26,nykaa,0.28775690446030916
2026-01-27,nykaa,0.296600497268782
2026-01-28,nykaa,0.3047638137073724
2026-01-29,nykaa,0.31224685377608014
2026-01-30,nykaa,0.3272129339134958
2026-01-31,nykaa,0.3414987376810289
2026-02-01,nykaa,0.3598661996678571
2026-02-02,nykaa,0.3741520034353902
2026-02-03,nykaa,0.3938800181619834
2026-02-04,nykaa,0.41156720377892914
2026-02-05,nykaa,0.44217964042364294
2026-02-06,nykaa,0.49660175001424517
2026-02-07,nykaa,0.5659899397422629
2026-02-08,nykaa,0.6312964712509856
2026-02-09,nykaa,0.6809566462524103
2026-02-10,nykaa,0.7183718465959492
2026-02-11,nykaa,0.7496645596105456
2026-02-12,nykaa,0.7612292578985483
2026-02-13,nykaa,0.7415012431719552
2026-02-14,nykaa,0.6993241082392383
2026-02-15,nykaa,0.6462625513884012
2026-02-16,nykaa,0.5979629291267419
2026-02-17,nykaa,0.5496633068650822
2026-02-18,nykaa,0.5061256191926005
2026-02-19,nykaa,0.468030142479179
2026-02-20,nykaa,0.43401632398505263
2026-02-21,nykaa,0.4006827818608088
2026-02-22,nykaa,0.36734923973656497
2026-02-23,nykaa,0.3394579085713813
2026-02-24,nykaa,0.3190496174749054
2026-02-25,nykaa,0.3074849191869025
2026-02-26,nykaa,0.295239944529017
2026-02-27,nykaa,0.28299496987113143
2026-02-28,nykaa,0.2734711006927761
2026-03-01,nykaa,0.2700697188433634
2026-03-02,nykaa,0.2673486133638333
2026-03-03,nykaa,0.26326695514453813
2026-03-04,nykaa,0.2578247441854779
2026-03-05,nykaa,0.25918529692524295
2026-03-06,nykaa,0.2659880606240682
2026-03-07,nykaa,0.27755275891207126
2026-03-08,nykaa,0.29183856267960434
2026-03-09,nykaa,0.30816519555678495
2026-03-10,nykaa,0.3224509993243181
2026-03-11,nykaa,0.32857348665326086
2026-03-12,nykaa,0.32245099932431814
2026-03-13,nykaa,0.308165195556785
2026-03-14,nykaa,0.2959202208988996
2026-03-15,nykaa,0.28095414076148395
2026-03-16,nykaa,0.2653077842541858
2026-03-17,nykaa,0.24694032226735751
2026-03-18,nykaa,0.2367361767191196
2026-03-19,nykaa,0.23537562397935452
2026-03-20,nykaa,0.23537562397935452
2026-03-21,nykaa,0.23061368939017682
2026-03-22,nykaa,0.22721230754076424
2026-03-23,nykaa,0.2244912020612341
2026-03-24,nykaa,0.22653203117088166
2026-03-25,nykaa,0.22517147843111665
2026-03-26,nykaa,0.22381092569135158
2026-03-27,nykaa,0.2258517548009992
2026-03-28,nykaa,0.2258517548009992
2026-03-29,nykaa,0.22449120206123413
2026-03-30,nykaa,0.22177009658170402
2026-03-31,nykaa,0.22245037295158654
2026-04-01,nykaa,0.2272123075407642
2026-04-02,nykaa,0.22993341302029432
2026-04-03,nykaa,0.22925313665041178
2026-04-04,nykaa,0.21768843836240878
2026-01-04,pepperfry,0.9999910257905956
2026-01-05,pepperfry,0.7916595620842216
2026-01-06,pepperfry,0.7129565646840358
2026-01-07,pepperfry,0.6041612447484849
2026-01-08,pepperfry,0.5277730413894811
2026-01-09,pepperfry,0.45832922015402305
2026-01-10,pepperfry,0.424599364125372
2026-01-11,pepperfry,0.3611078704243818
2026-01-12,pepperfry,0.37301252549331754
2026-01-13,pepperfry,0.37301252549331754
2026-01-14,pepperfry,0.37301252549331754
2026-01-15,pepperfry,0.36507608878069375
2026-01-16,pepperfry,0.3809489622059413
2026-01-17,pepperfry,0.3809489622059413
2026-01-18,pepperfry,0.35713965206807
2026-01-19,pepperfry,0.3253939052175749
2026-01-20,pepperfry,0.3174574685049511
2026-01-21,pepperfry,0.3174574685049511
2026-01-22,pepperfry,0.30952103179232726
2026-01-23,pepperfry,0.2936481583670797
2026-01-24,pepperfry,0.2936481583670797
2026-01-25,pepperfry,0.3015845950797035
2026-01-26,pepperfry,0.3333303419301986
2026-01-27,pepperfry,0.36507608878069375
2026-01-28,pepperfry,0.40475827234381256
2026-01-29,pepperfry,0.4206311457690602
2026-01-30,pepperfry,0.4126947090564364
2026-01-31,pepperfry,0.39682183563118884
2026-02-01,pepperfry,0.37301252549331754
2026-02-02,pepperfry,0.3333303419301986
2026-02-03,pepperfry,0.2777752849418322
2026-02-04,pepperfry,0.22222022795346572
2026-02-05,pepperfry,0.19841091781559442
2026-02-06,pepperfry,0.19047448110297063
2026-02-07,pepperfry,0.19047448110297063
2026-02-08,pepperfry,0.19047448110297063
2026-02-09,pepperfry,0.19841091781559442
2026-02-10,pepperfry,0.20634735452821817
2026-02-11,pepperfry,0.21428379124084196
2026-02-12,pepperfry,0.22222022795346572
2026-02-13,pepperfry,0.23809310137871328
2026-02-14,pepperfry,0.2539659748039608
2026-02-15,pepperfry,0.27777528494183223
2026-02-16,pepperfry,0.27777528494183223
2026-02-17,pepperfry,0.26983884822920845
2026-02-18,pepperfry,0.2539659748039609
2026-02-19,pepperfry,0.2539659748039609
2026-02-20,pepperfry,0.26190241151658467
2026-02-21,pepperfry,0.2539659748039609
2026-02-22,pepperfry,0.23015666466608956
2026-02-23,pepperfry,0.20634735452821823
2026-02-24,pepperfry,0.19841091781559445
2026-02-25,pepperfry,0.20634735452821826
2026-02-26,pepperfry,0.20634735452821826
2026-02-27,pepperfry,0.1904744811029707
2026-02-28,pepperfry,0.1825380443903469
2026-03-01,pepperfry,0.18253804439034688
2026-03-02,pepperfry,0.19047448110297066
2026-03-03,pepperfry,0.19047448110297066
2026-03-04,pepperfry,0.19841091781559445
2026-03-05,pepperfry,0.22222022795346574
2026-03-06,pepperfry,0.2698388482292084
2026-03-07,pepperfry,0.3333303419301986
2026-03-08,pepperfry,0.38094896220594127
2026-03-09,pepperfry,0.4047582723438126
2026-03-10,pepperfry,0.4126947090564364
2026-03-11,pepperfry,0.40475827234381256
2026-03-12,pepperfry,0.38094896220594127
2026-03-13,pepperfry,0.32539390521757483
2026-03-14,pepperfry,0.2698388482292084
2026-03-15,pepperfry,0.2539659748039608
2026-03-16,pepperfry,0.2539659748039608
2026-03-17,pepperfry,0.26983884822920834
2026-03-18,pepperfry,0.2619024115165846
2026-03-19,pepperfry,0.2777752849418322
2026-03-20,pepperfry,0.3015845950797035
2026-03-21,pepperfry,0.31745746850495105
2026-03-22,pepperfry,0.30952103179232726
2026-03-23,pepperfry,0.30158459507970353
2026-03-24,pepperfry,0.285711721654456
2026-03-25,pepperfry,0.27777528494183223
2026-03-26,pepperfry,0.2539659748039609
2026-03-27,pepperfry,0.24602953809133712
2026-03-28,pepperfry,0.23809310137871337
2026-03-29,pepperfry,0.2222202279534658
2026-03-30,pepperfry,0.20634735452821826
2026-03-31,pepperfry,0.20634735452821826
2026-04-01,pepperfry,0.2301566646660896
2026-04-02,pepperfry,0.24602953809133715
2026-04-03,pepperfry,0.2539659748039609
2026-04-04,pepperfry,0.23809310137871337
2026-01-04,pharmeasy,0.6666606838603971
2026-01-05,pharmeasy,0.6666606838603971
2026-01-06,pharmeasy,0.6666606838603971
2026-01-07,pharmeasy,0.6944382123545804
2026-01-08,pharmeasy,0.6999937180534169
2026-01-09,pharmeasy,0.6851790361898527
2026-01-10,pharmeasy,0.6507878104351495
2026-01-11,pharmeasy,0.6111056268720307
2026-01-12,pharmeasy,0.5714234433089118
2026-01-13,pharmeasy,0.5238048230331692
2026-01-14,pharmeasy,0.460313329332179
2026-01-15,pharmeasy,0.4126947090564364
2026-01-16,pharmeasy,0.38094896220594127
2026-01-17,pharmeasy,0.38094896220594127
2026-01-18,pharmeasy,0.3888853989185651
2026-01-19,pharmeasy,0.40475827234381256
2026-01-20,pharmeasy,0.43650401919430765
2026-01-21,pharmeasy,0.46031332933217894
2026-01-22,pharmeasy,0.46031332933217894
2026-01-23,pharmeasy,0.4523768926195552
2026-01-24,pharmeasy,0.43650401919430765
2026-01-25,pharmeasy,0.43650401919430765
2026-01-26,pharmeasy,0.41269470905643635
2026-01-27,pharmeasy,0.3968218356311888
2026-01-28,pharmeasy,0.38094896220594127
2026-01-29,pharmeasy,0.38094896220594116
2026-01-30,pharmeasy,0.38094896220594116
2026-01-31,pharmeasy,0.38094896220594127
2026-02-01,pharmeasy,0.36507608878069364
2026-02-02,pharmeasy,0.36507608878069364
2026-02-03,pharmeasy,0.3492032153554461
2026-02-04,pharmeasy,0.36507608878069364
2026-02-05,pharmeasy,0.38094896220594127
2026-02-06,pharmeasy,0.42063114576906013
2026-02-07,pharmeasy,0.43650401919430765
2026-02-08,pharmeasy,0.4682497660448028
2026-02-09,pharmeasy,0.4841226394700503
2026-02-10,pharmeasy,0.5079319496079217
2026-02-11,pharmeasy,0.4841226394700503
2026-02-12,pharmeasy,0.4761862027574265
2026-02-13,pharmeasy,0.4682497660448028
2026-02-14,pharmeasy,0.4999955128952978
2026-02-15,pharmeasy,0.5079319496079217
2026-02-16,pharmeasy,0.5238048230331692
2026-02-17,pharmeasy,0.5079319496079217
2026-02-18,pharmeasy,0.4999955128952978
2026-02-19,pharmeasy,0.4761862027574265
2026-02-20,pharmeasy,0.46824976604480273
2026-02-21,pharmeasy,0.4682497660448028
2026-02-22,pharmeasy,0.4761862027574265
2026-02-23,pharmeasy,0.4761862027574265
2026-02-24,pharmeasy,0.4761862027574265
2026-02-25,pharmeasy,0.49205907618267414
2026-02-26,pharmeasy,0.49999551289529787
2026-02-27,pharmeasy,0.49205907618267414
2026-02-28,pharmeasy,0.44444045590693143
2026-03-01,pharmeasy,0.41269470905643635
2026-03-02,pharmeasy,0.39682183563118884
2026-03-03,pharmeasy,0.41269470905643635
2026-03-04,pharmeasy,0.41269470905643635
2026-03-05,pharmeasy,0.41269470905643635
2026-03-06,pharmeasy,0.42063114576906013
2026-03-07,pharmeasy,0.460313329332179
2026-03-08,pharmeasy,0.4682497660448028
2026-03-09,pharmeasy,0.4761862027574265
2026-03-10,pharmeasy,0.4841226394700504
2026-03-11,pharmeasy,0.5238048230331692
2026-03-12,pharmeasy,0.5476141331710406
2026-03-13,pharmeasy,0.5158683863205454
2026-03-14,pharmeasy,0.47618620275742657
2026-03-15,pharmeasy,0.46031332933217906
2026-03-16,pharmeasy,0.4523768926195553
2026-03-17,pharmeasy,0.4285675824816839
2026-03-18,pharmeasy,0.3809489622059413
2026-03-19,pharmeasy,0.3571396520680699
2026-03-20,pharmeasy,0.36507608878069375
2026-03-21,pharmeasy,0.36507608878069375
2026-03-22,pharmeasy,0.3571396520680699
2026-03-23,pharmeasy,0.3412667786428224
2026-03-24,pharmeasy,0.33333034193019867
2026-03-25,pharmeasy,0.3412667786428224
2026-03-26,pharmeasy,0.34920321535544613
2026-03-27,pharmeasy,0.3571396520680699
2026-03-28,pharmeasy,0.3571396520680699
2026-03-29,pharmeasy,0.35713965206807
2026-03-30,pharmeasy,0.3571396520680699
2026-03-31,pharmeasy,0.36507608878069375
2026-04-01,pharmeasy,0.36507608878069364
2026-04-02,pharmeasy,0.35713965206807
2026-04-03,pharmeasy,0.3333303419301986
2026-04-04,pharmeasy,0.3095210317923272
2026-01-04,reliance digital,0.8125045572821724
2026-01-05,reliance digital,0.7083373063485605
2026-01-06,reliance digital,0.6250035056016711
2026-01-07,reliance digital,0.5277807380636332
2026-01-08,reliance digital,0.4555581107496624
2026-01-09,reliance digital,0.40856710643961086
2026-01-10,reliance digital,0.378970379587045
2026-01-11,reliance digital,0.3025810622357296
2026-01-12,reliance digital,0.25793795469275305
2026-01-13,reliance digital,0.2311520901669672
2026-01-14,reliance digital,0.22519967582790368
2026-01-15,reliance digital,0.23016002111045666
2026-01-16,reliance digital,0.24504105695811543
2026-01-17,reliance digital,0.27083485242739075
2026-01-18,reliance digital,0.29861278600968727
2026-01-19,reliance digital,0.32043830525292016
2026-01-20,reliance digital,0.33531934110057904
2026-01-21,reliance digital,0.34821623883521674
2026-01-22,reliance digital,0.3650814127958967
2026-01-23,reliance digital,0.3759941724175131
2026-01-24,reliance digital,0.390875208265172
2026-01-25,reliance digital,0.4087324512823626
2026-01-26,reliance digital,0.4593279731644027
2026-01-27,reliance digital,0.4960345282552945
2026-01-28,reliance digital,0.5128997022159745
2026-01-29,reliance digital,0.4821455614641463
2026-01-30,reliance digital,0.4434548682602333
2026-01-31,reliance digital,0.38988313920866147
2026-02-01,reliance digital,0.3244065814789625
2026-02-02,reliance digital,0.22916795205394597
2026-02-03,reliance digital,0.156746910928673
2026-02-04,reliance digital,0.11111173432918589
2026-02-05,reliance digital,0.1101196652726753
2026-02-06,reliance digital,0.1081355271596541
2026-02-07,reliance digital,0.10714345810314352
2026-02-08,reliance digital,0.11011966527267529
2026-02-09,reliance digital,0.11805621772475998
2026-02-10,reliance digital,0.12301656300731292
2026-02-11,reliance digital,0.12400863206382352
2026-02-12,reliance digital,0.12004035583778115
2026-02-13,reliance digital,0.11904828678127058
2026-02-14,reliance digital,0.12103242489429175
2026-02-15,reliance digital,0.12202449395080237
2026-02-16,reliance digital,0.11904828678127062
2026-02-17,reliance digital,0.11210380338569649
2026-02-18,reliance digital,0.10515931999012239
2026-02-19,reliance digital,0.10119104376408002
2026-02-20,reliance digital,0.10019897470756944
2026-02-21,reliance digital,0.10119104376408002
2026-02-22,reliance digital,0.10615138904663296
2026-02-23,reliance digital,0.11111173432918589
2026-02-24,reliance digital,0.12103242489429179
2026-02-25,reliance digital,0.13293725357241884
2026-02-26,reliance digital,0.14285794413752473
2026-02-27,reliance digital,0.15277863470263062
2026-02-28,reliance digital,0.16269932526773653
2026-03-01,reliance digital,0.17658829205888477
2026-03-02,reliance digital,0.19047725885003303
2026-03-03,reliance digital,0.20238208752816006
2026-03-04,reliance digital,0.21329484714977656
2026-03-05,reliance digital,0.2242076067713931
2026-03-06,reliance digital,0.23611243544952015
2026-03-07,reliance digital,0.2480172641276472
2026-03-08,reliance digital,0.25595381657973193
2026-03-09,reliance digital,0.26587450714483785
2026-03-10,reliance digital,0.2757951977099437
2026-03-11,reliance digital,0.29166830261411314
2026-03-12,reliance digital,0.31647002902687776
2026-03-13,reliance digital,0.3432558935526637
2026-03-14,reliance digital,0.36805761996542846
2026-03-15,reliance digital,0.38591486298261907
2026-03-16,reliance digital,0.3978196916607461
2026-03-17,reliance digital,0.40278003694329906
2026-03-18,reliance digital,0.39484348449121437
2026-03-19,reliance digital,0.3839307248695979
2026-03-20,reliance digital,0.3710338271349603
2026-03-21,reliance digital,0.35516072223079087
2026-03-22,reliance digital,0.3392876173266214
2026-03-23,reliance digital,0.323414512422452
2026-03-24,reliance digital,0.3125017528008355
2026-03-25,reliance digital,0.3055572694052614
2026-03-26,reliance digital,0.29861278600968727
2026-03-27,reliance digital,0.29266037167062375
2026-03-28,reliance digital,0.28968416450109197
2026-03-29,reliance digital,0.29067623355760247
2026-03-30,reliance digital,0.2976207169531766
2026-03-31,reliance digital,0.3075414075182825
2026-04-01,reliance digital,0.3174620980833884
2026-04-02,reliance digital,0.31746209808338843
2026-04-03,reliance digital,0.31051761468781425
2026-04-04,reliance digital,0.2916683026141131
2026-01-04,shiprocket,0.2000005384588462
2026-01-05,shiprocket,0.33750090864930293
2026-01-06,shiprocket,0.4194455737123024
2026-01-07,shiprocket,0.4937513293202765
2026-01-08,shiprocket,0.5350014403774135
2026-01-09,shiprocket,0.5625015144155049
2026-01-10,shiprocket,0.5845253832338897
2026-01-11,shiprocket,0.6392874354309549
2026-01-12,shiprocket,0.6642875027383105
2026-01-13,shiprocket,0.6714303791118408
2026-01-14,shiprocket,0.6809542142765477
2026-01-15,shiprocket,0.6714303791118408
2026-01-16,shiprocket,0.6642875027383105
2026-01-17,shiprocket,0.6428588736177199
2026-01-18,shiprocket,0.6285731208706594
2026-01-19,shiprocket,0.6047635329588921
2026-01-20,shiprocket,0.5928587390030082
2026-01-21,shiprocket,0.576192027464771
2026-01-22,shiprocket,0.5785729862559478
2026-01-23,shiprocket,0.5666681923000642
2026-01-24,shiprocket,0.5595253159265339
2026-01-25,shiprocket,0.5428586043882967
2026-01-26,shiprocket,0.5190490164765292
2026-01-27,shiprocket,0.49285846977358516
2026-01-28,shiprocket,0.47142984065299454
2026-01-29,shiprocket,0.4642869642794643
2026-01-30,shiprocket,0.46904888186181787
2026-01-31,shiprocket,0.47619175823534804
2026-02-01,shiprocket,0.4880965521912317
2026-02-02,shiprocket,0.5119061401029992
2026-02-03,shiprocket,0.530953810432413
2026-02-04,shiprocket,0.5523824395530037
2026-02-05,shiprocket,0.5523824395530038
2026-02-06,shiprocket,0.5476205219706503
2026-02-07,shiprocket,0.5380966868059432
2026-02-08,shiprocket,0.5285728516412364
2026-02-09,shiprocket,0.5261918928500595
2026-02-10,shiprocket,0.530953810432413
2026-02-11,shiprocket,0.54047764559712
2026-02-12,shiprocket,0.5571443571353573
2026-02-13,shiprocket,0.5761920274647712
2026-02-14,shiprocket,0.5976206565853618
2026-02-15,shiprocket,0.6119064093324222
2026-02-16,shiprocket,0.6166683269147756
2026-02-17,shiprocket,0.6071444917500687
2026-02-18,shiprocket,0.5880968214206548
2026-02-19,shiprocket,0.5690491510912409
2026-02-20,shiprocket,0.5547633983441804
2026-02-21,shiprocket,0.5452395631794735
2026-02-22,shiprocket,0.5380966868059434
2026-02-23,shiprocket,0.5404776455971201
2026-02-24,shiprocket,0.5523824395530038
2026-02-25,shiprocket,0.5642872335088874
2026-02-26,shiprocket,0.569049151091241
2026-02-27,shiprocket,0.569049151091241
2026-02-28,shiprocket,0.5714301098824177
2026-03-01,shiprocket,0.5666681923000643
2026-03-02,shiprocket,0.559525315926534
2026-03-03,shiprocket,0.54047764559712
2026-03-04,shiprocket,0.5190490164765293
2026-03-05,shiprocket,0.5023823049382923
2026-03-06,shiprocket,0.5000013461471154
2026-03-07,shiprocket,0.5071442225206457
2026-03-08,shiprocket,0.5190490164765293
2026-03-09,shiprocket,0.5238109340588828
2026-03-10,shiprocket,0.5357157280147664
2026-03-11,shiprocket,0.5523824395530037
2026-03-12,shiprocket,0.5619062747177107
2026-03-13,shiprocket,0.5642872335088874
2026-03-14,shiprocket,0.5571443571353573
2026-03-15,shiprocket,0.5619062747177108
2026-03-16,shiprocket,0.569049151091241
2026-03-17,shiprocket,0.5809539450471247
2026-03-18,shiprocket,0.5952396977941851
2026-03-19,shiprocket,0.6095254505412455
2026-03-20,shiprocket,0.6119064093324222
2026-03-21,shiprocket,0.6000016153765385
2026-03-22,shiprocket,0.5857158626294781
2026-03-23,shiprocket,0.5690491510912409
2026-03-24,shiprocket,0.5547633983441804
2026-03-25,shiprocket,0.5285728516412362
2026-03-26,shiprocket,0.5119061401029992
2026-03-27,shiprocket,0.5023823049382922
2026-03-28,shiprocket,0.4976203873559387
2026-03-29,shiprocket,0.48095367581770154
2026-03-30,shiprocket,0.4571440879059342
2026-03-31,shiprocket,0.4380964175765203
2026-04-01,shiprocket,0.42619162362063645
2026-04-02,shiprocket,0.41190587087357605
2026-04-03,shiprocket,0.39285820054416204
2026-04-04,shiprocket,0.3952391593353388
2026-01-04,snapdeal,0.0
2026-01-05,snapdeal,0.0
2026-01-06,snapdeal,0.0
2026-01-07,snapdeal,0.0
2026-01-08,snapdeal,0.0
2026-01-09,snapdeal,0.0
2026-01-10,snapdeal,0.0
2026-01-11,snapdeal,0.0
2026-01-12,snapdeal,0.0
2026-01-13,snapdeal,0.0
2026-01-14,snapdeal,0.0
2026-01-15,snapdeal,0.0
2026-01-16,snapdeal,0.0
2026-01-17,snapdeal,0.0
2026-01-18,snapdeal,0.0
2026-01-19,snapdeal,0.0
2026-01-20,snapdeal,0.0
2026-01-21,snapdeal,0.0
2026-01-22,snapdeal,0.0
2026-01-23,snapdeal,0.0
2026-01-24,snapdeal,0.0
2026-01-25,snapdeal,0.0
2026-01-26,snapdeal,0.0
2026-01-27,snapdeal,0.0
2026-01-28,snapdeal,0.0
2026-01-29,snapdeal,0.0
2026-01-30,snapdeal,0.0
2026-01-31,snapdeal,0.0
2026-02-01,snapdeal,0.0
2026-02-02,snapdeal,0.0
2026-02-03,snapdeal,0.0
2026-02-04,snapdeal,0.0
2026-02-05,snapdeal,0.0
2026-02-06,snapdeal,0.0
2026-02-07,snapdeal,0.0
2026-02-08,snapdeal,0.0
2026-02-09,snapdeal,0.0
2026-02-10,snapdeal,0.0
2026-02-11,snapdeal,0.0
2026-02-12,snapdeal,0.0
2026-02-13,snapdeal,0.0
2026-02-14,snapdeal,0.0
2026-02-15,snapdeal,0.0
2026-02-16,snapdeal,0.0
2026-02-17,snapdeal,0.0
2026-02-18,snapdeal,0.0
2026-02-19,snapdeal,0.0
2026-02-20,snapdeal,0.0
2026-02-21,snapdeal,0.0
2026-02-22,snapdeal,0.0
2026-02-23,snapdeal,0.0
2026-02-24,snapdeal,0.0
2026-02-25,snapdeal,0.0
2026-02-26,snapdeal,0.0
2026-02-27,snapdeal,0.0
2026-02-28,snapdeal,0.0
2026-03-01,snapdeal,0.0
2026-03-02,snapdeal,0.0
2026-03-03,snapdeal,0.0
2026-03-04,snapdeal,0.0
2026-03-05,snapdeal,0.0
2026-03-06,snapdeal,0.0
2026-03-07,snapdeal,0.0
2026-03-08,snapdeal,0.0
2026-03-09,snapdeal,0.0
2026-03-10,snapdeal,0.0
2026-03-11,snapdeal,0.0
2026-03-12,snapdeal,0.0
2026-03-13,snapdeal,0.0
2026-03-14,snapdeal,0.0
2026-03-15,snapdeal,0.0
2026-03-16,snapdeal,0.0
2026-03-17,snapdeal,0.0
2026-03-18,snapdeal,0.0
2026-03-19,snapdeal,0.0
2026-03-20,snapdeal,0.0
2026-03-21,snapdeal,0.0
2026-03-22,snapdeal,0.0
2026-03-23,snapdeal,0.0
2026-03-24,snapdeal,0.0
2026-03-25,snapdeal,0.0
2026-03-26,snapdeal,0.0
2026-03-27,snapdeal,0.0
2026-03-28,snapdeal,0.0
2026-03-29,snapdeal,0.0
2026-03-30,snapdeal,0.0
2026-03-31,snapdeal,0.0
2026-04-01,snapdeal,0.0
2026-04-02,snapdeal,0.0
2026-04-03,snapdeal,0.0
2026-04-04,snapdeal,0.0
2026-01-04,swiggy,0.7948758711269579
2026-01-05,swiggy,0.7820552925603941
2026-01-06,swiggy,0.7834798012900123
2026-01-07,swiggy,0.7777817663715393
2026-01-08,swiggy,0.770944124469372
2026-01-09,swiggy,0.760687661616121
2026-01-10,swiggy,0.7521406092384118
2026-01-11,swiggy,0.7362675119655231
2026-01-12,swiggy,0.7203944146926345
2026-01-13,swiggy,0.6971952725245667
2026-01-14,swiggy,0.6776591528040884
2026-01-15,swiggy,0.6581230330836102
2026-01-16,swiggy,0.6446919507757815
2026-01-17,swiggy,0.6300398609854228
2026-01-18,swiggy,0.616608778677594
2026-01-19,swiggy,0.5995146739221755
2026-01-20,swiggy,0.5848625841318168
2026-01-21,swiggy,0.5677684793763984
2026-01-22,swiggy,0.5555584045510994
2026-01-23,swiggy,0.5445693372083305
2026-01-24,swiggy,0.5348012773480914
2026-01-25,swiggy,0.5286962399354419
2026-01-26,swiggy,0.5274752324529121
2026-01-27,swiggy,0.5286962399354419
2026-01-28,swiggy,0.5286962399354419
2026-01-29,swiggy,0.5274752324529121
2026-01-30,swiggy,0.5348012773480914
2026-01-31,swiggy,0.5421273222432709
2026-02-01,swiggy,0.5445693372083306
2026-02-02,swiggy,0.5372432923131513
2026-02-03,swiggy,0.5311382549005017
2026-02-04,swiggy,0.528696239935442
2026-02-05,swiggy,0.5250332174878523
2026-02-06,swiggy,0.5116021351800234
2026-02-07,swiggy,0.5006130678372546
2026-02-08,swiggy,0.5152651576276132
2026-02-09,swiggy,0.54945336713845
2026-02-10,swiggy,0.5909676215444664
2026-02-11,swiggy,0.6202718011251835
2026-02-12,swiggy,0.6507969881884308
2026-02-13,swiggy,0.6935322500769768
2026-02-14,swiggy,0.748477586790822
2026-02-15,swiggy,0.7728977364414197
2026-02-16,swiggy,0.7643506840637104
2026-02-17,swiggy,0.7216154221751644
2026-02-18,swiggy,0.6862062051817976
2026-02-19,swiggy,0.6520179956709606
2026-02-20,swiggy,0.6129457562300042
2026-02-21,swiggy,0.5677684793763984
2026-02-22,swiggy,0.5335802698655614
2026-02-23,swiggy,0.5177071725926728
2026-02-24,swiggy,0.5213701950402626
2026-02-25,swiggy,0.5311382549005016
2026-02-26,swiggy,0.537243292313151
2026-02-27,swiggy,0.5396853072782108
2026-02-28,swiggy,0.5348012773480914
2026-03-01,swiggy,0.538464299795681
2026-03-02,swiggy,0.5506743746209799
2026-03-03,swiggy,0.5726525093065179
2026-03-04,swiggy,0.6068407188173548
2026-03-05,swiggy,0.6410289283281917
2026-03-06,swiggy,0.6666700854613193
2026-03-07,swiggy,0.6776591528040884
2026-03-08,swiggy,0.6947532575595067
2026-03-09,swiggy,0.7106263548323954
2026-03-10,swiggy,0.7203944146926343
2026-03-11,swiggy,0.7020793024546861
2026-03-12,swiggy,0.6862062051817976
2026-03-13,swiggy,0.6764381453215583
2026-03-14,swiggy,0.6837641902167377
2026-03-15,swiggy,0.6764381453215584
2026-03-16,swiggy,0.6630070630137297
2026-03-17,swiggy,0.6471339657408413
2026-03-18,swiggy,0.6434709432932514
2026-03-19,swiggy,0.6361448983980722
2026-03-20,swiggy,0.625155831055303
2026-03-21,swiggy,0.6080617262998846
2026-03-22,swiggy,0.593409636509526
2026-03-23,swiggy,0.5787575467191672
2026-03-24,swiggy,0.5628844494462788
2026-03-25,swiggy,0.5433483297258006
2026-03-26,swiggy,0.5262542249703822
2026-03-27,swiggy,0.5128231426625534
2026-03-28,swiggy,0.5042760902848441
2026-03-29,swiggy,0.49572903790713485
2026-03-30,swiggy,0.48962400049448546
2026-03-31,swiggy,0.48596097804689586
2026-04-01,swiggy,0.48596097804689575
2026-04-02,swiggy,0.4847399705643659
2026-04-03,swiggy,0.48107694811677626
2026-04-04,swiggy,0.45177276853605886
2026-01-04,tata 1mg,0.8571372057322257
2026-01-05,tata 1mg,0.8928512559710684
2026-01-06,tata 1mg,0.849200750123594
2026-01-07,tata 1mg,0.8035661303739615
2026-01-08,tata 1mg,0.7380903716027499
2026-01-09,tata 1mg,0.702376321363907
2026-01-10,tata 1mg,0.6700636092430495
2026-01-11,tata 1mg,0.615642199355289
2026-01-12,tata 1mg,0.5442140988776035
2026-01-13,tata 1mg,0.5170033939337234
2026-01-14,tata 1mg,0.5102007176977533
2026-01-15,tata 1mg,0.5374114226416336
2026-01-16,tata 1mg,0.5442140988776035
2026-01-17,tata 1mg,0.5578194513495437
2026-01-18,tata 1mg,0.5578194513495437
2026-01-19,tata 1mg,0.5646221275855137
2026-01-20,tata 1mg,0.5442140988776035
2026-01-21,tata 1mg,0.5238060701696934
2026-01-22,tata 1mg,0.48979268898984313
2026-01-23,tata 1mg,0.45577930780999293
2026-01-24,tata 1mg,0.41496325039417264
2026-01-25,tata 1mg,0.40135789792223253
2026-01-26,tata 1mg,0.3945552216862625
2026-01-27,tata 1mg,0.3945552216862624
2026-01-28,tata 1mg,0.36734451674238233
2026-01-29,tata 1mg,0.3469364880344722
2026-01-30,tata 1mg,0.333331135562532
2026-01-31,tata 1mg,0.333331135562532
2026-02-01,tata 1mg,0.32652845932656205
2026-02-02,tata 1mg,0.333331135562532
2026-02-03,tata 1mg,0.34013381179850216
2026-02-04,tata 1mg,0.38094986921432245
2026-02-05,tata 1mg,0.4081605741582026
2026-02-06,tata 1mg,0.4353712791020828
2026-02-07,tata 1mg,0.44217395533805276
2026-02-08,tata 1mg,0.44897663157402273
2026-02-09,tata 1mg,0.4353712791020828
2026-02-10,tata 1mg,0.4149632503941726
2026-02-11,tata 1mg,0.3877525454502924
2026-02-12,tata 1mg,0.3877525454502924
2026-02-13,tata 1mg,0.4013578979222325
2026-02-14,tata 1mg,0.42856860286611276
2026-02-15,tata 1mg,0.42856860286611276
2026-02-16,tata 1mg,0.42856860286611276
2026-02-17,tata 1mg,0.42856860286611276
2026-02-18,tata 1mg,0.42856860286611276
2026-02-19,tata 1mg,0.4217659266301427
2026-02-20,tata 1mg,0.41496325039417264
2026-02-21,tata 1mg,0.4285686028661127
2026-02-22,tata 1mg,0.45577930780999293
2026-02-23,tata 1mg,0.48299001275387304
2026-02-24,tata 1mg,0.48979268898984313
2026-02-25,tata 1mg,0.5033980414617831
2026-02-26,tata 1mg,0.49659536522581316
2026-02-27,tata 1mg,0.49659536522581316
2026-02-28,tata 1mg,0.46938466028193293
2026-03-01,tata 1mg,0.4489766315740227
2026-03-02,tata 1mg,0.4353712791020827
2026-03-03,tata 1mg,0.4489766315740227
2026-03-04,tata 1mg,0.46258198404596285
2026-03-05,tata 1mg,0.469384660281933
2026-03-06,tata 1mg,0.46258198404596285
2026-03-07,tata 1mg,0.46938466028193293
2026-03-08,tata 1mg,0.48979268898984313
2026-03-09,tata 1mg,0.5102007176977532
2026-03-10,tata 1mg,0.5306087464056632
2026-03-11,tata 1mg,0.5442140988776033
2026-03-12,tata 1mg,0.5714248038214835
2026-03-13,tata 1mg,0.5918328325293937
2026-03-14,tata 1mg,0.5986355087653639
2026-03-15,tata 1mg,0.5918328325293939
2026-03-16,tata 1mg,0.5714248038214836
2026-03-17,tata 1mg,0.5578194513495436
2026-03-18,tata 1mg,0.5306087464056634
2026-03-19,tata 1mg,0.5033980414617831
2026-03-20,tata 1mg,0.47618733651790307
2026-03-21,tata 1mg,0.46938466028193293
2026-03-22,tata 1mg,0.46938466028193293
2026-03-23,tata 1mg,0.47618733651790296
2026-03-24,tata 1mg,0.4557793078099928
2026-03-25,tata 1mg,0.44217395533805276
2026-03-26,tata 1mg,0.4353712791020827
2026-03-27,tata 1mg,0.4421739553380527
2026-03-28,tata 1mg,0.4285686028661127
2026-03-29,tata 1mg,0.4013578979222325
2026-03-30,tata 1mg,0.37414719297835225
2026-03-31,tata 1mg,0.3809498692143223
2026-04-01,tata 1mg,0.3945552216862624
2026-04-02,tata 1mg,0.4013578979222325
2026-04-03,tata 1mg,0.3877525454502924
2026-04-04,tata 1mg,0.36054184050641214
2026-01-04,tata cliq,0.8333258548254963
2026-01-05,tata cliq,0.8333258548254963
2026-01-06,tata cliq,0.814807502496041
2026-01-07,tata cliq,0.8194370905784047
2026-01-08,tata cliq,0.822214843427823
2026-01-09,tata cliq,0.814807502496041
2026-01-10,tata cliq,0.7936436712623776
2026-01-11,tata cliq,0.7618979244118823
2026-01-12,tata cliq,0.7380886142740111
2026-01-13,tata cliq,0.7301521775613873
2026-01-14,tata cliq,0.6984064307108921
2026-01-15,tata cliq,0.6666606838603972
2026-01-16,tata cliq,0.6428513737225258
2026-01-17,tata cliq,0.6587242471477733
2026-01-18,tata cliq,0.6904699939982685
2026-01-19,tata cliq,0.6984064307108921
2026-01-20,tata cliq,0.6904699939982684
2026-01-21,tata cliq,0.6825335572856446
2026-01-22,tata cliq,0.6825335572856447
2026-01-23,tata cliq,0.6745971205730208
2026-01-24,tata cliq,0.6587242471477733
2026-01-25,tata cliq,0.6428513737225258
2026-01-26,tata cliq,0.6507878104351495
2026-01-27,tata cliq,0.6666606838603971
2026-01-28,tata cliq,0.6745971205730208
2026-01-29,tata cliq,0.6666606838603971
2026-01-30,tata cliq,0.6587242471477733
2026-01-31,tata cliq,0.6507878104351495
2026-02-01,tata cliq,0.6507878104351495
2026-02-02,tata cliq,0.6428513737225258
2026-02-03,tata cliq,0.6349149370099021
2026-02-04,tata cliq,0.6428513737225258
2026-02-05,tata cliq,0.6587242471477734
2026-02-06,tata cliq,0.6904699939982685
2026-02-07,tata cliq,0.7142793041361398
2026-02-08,tata cliq,0.7222157408487636
2026-02-09,tata cliq,0.7222157408487636
2026-02-10,tata cliq,0.7222157408487636
2026-02-11,tata cliq,0.7301521775613875
2026-02-12,tata cliq,0.7301521775613873
2026-02-13,tata cliq,0.706342867423516
2026-02-14,tata cliq,0.6825335572856447
2026-02-15,tata cliq,0.6745971205730209
2026-02-16,tata cliq,0.6825335572856447
2026-02-17,tata cliq,0.6666606838603972
2026-02-18,tata cliq,0.6190420635846545
2026-02-19,tata cliq,0.5714234433089119
2026-02-20,tata cliq,0.563487006596288
2026-02-21,tata cliq,0.563487006596288
2026-02-22,tata cliq,0.5714234433089119
2026-02-23,tata cliq,0.5714234433089118
2026-02-24,tata cliq,0.5952327534467832
2026-02-25,tata cliq,0.6269785002972783
2026-02-26,tata cliq,0.6428513737225258
2026-02-27,tata cliq,0.6269785002972783
2026-02-28,tata cliq,0.5872963167341594
2026-03-01,tata cliq,0.531741259745793
2026-03-02,tata cliq,0.47618620275742657
2026-03-03,tata cliq,0.428567582481684
2026-03-04,tata cliq,0.40475827234381256
2026-03-05,tata cliq,0.4126947090564364
2026-03-06,tata cliq,0.43650401919430776
2026-03-07,tata cliq,0.4761862027574266
2026-03-08,tata cliq,0.5158683863205455
2026-03-09,tata cliq,0.5476141331710406
2026-03-10,tata cliq,0.5555505698836644
2026-03-11,tata cliq,0.5555505698836644
2026-03-12,tata cliq,0.5476141331710406
2026-03-13,tata cliq,0.5476141331710406
2026-03-14,tata cliq,0.5396776964584168
2026-03-15,tata cliq,0.5317412597457931
2026-03-16,tata cliq,0.5317412597457931
2026-03-17,tata cliq,0.5476141331710406
2026-03-18,tata cliq,0.5634870065962881
2026-03-19,tata cliq,0.5714234433089119
2026-03-20,tata cliq,0.5555505698836644
2026-03-21,tata cliq,0.5396776964584168
2026-03-22,tata cliq,0.5238048230331693
2026-03-23,tata cliq,0.5079319496079217
2026-03-24,tata cliq,0.4841226394700504
2026-03-25,tata cliq,0.460313329332179
2026-03-26,tata cliq,0.45237689261955527
2026-03-27,tata cliq,0.460313329332179
2026-03-28,tata cliq,0.460313329332179
2026-03-29,tata cliq,0.45237689261955527
2026-03-30,tata cliq,0.4365040191943077
2026-03-31,tata cliq,0.4365040191943077
2026-04-01,tata cliq,0.4444404559069315
2026-04-02,tata cliq,0.45237689261955527
2026-04-03,tata cliq,0.4444404559069315
2026-04-04,tata cliq,0.4206311457690602
2026-01-04,urban company,0.06250028545583877
2026-01-05,urban company,0.10156296386573795
2026-01-06,urban company,0.12673668995211743
2026-01-07,urban company,0.147136088677287
2026-01-08,urban company,0.1510423565182769
2026-01-09,urban company,0.14496593987673703
2026-01-10,urban company,0.1346732341369858
2026-01-11,urban company,0.1406256422756371
2026-01-12,urban company,0.13541728515431717
2026-01-13,urban company,0.12797677498100304
2026-01-14,urban company,0.1101195505650491
2026-01-15,urban company,0.09523853021842084
2026-01-16,urban company,0.08928612207976952
2026-01-17,urban company,0.09226232614909519
2026-01-18,urban company,0.08928612207976953
2026-01-19,urban company,0.08333371394111824
2026-01-20,urban company,0.07738130580246695
2026-01-21,urban company,0.08928612207976958
2026-01-22,urban company,0.10863144853038632
2026-01-23,urban company,0.1235124688770146
2026-01-24,urban company,0.1398815912583057
2026-01-25,urban company,0.16369122381291093
2026-01-26,urban company,0.1949413665408303
2026-01-27,urban company,0.22023910113009834
2026-01-28,urban company,0.22619150926874965
2026-01-29,urban company,0.22321530519942398
2026-01-30,urban company,0.21726289706077265
2026-01-31,urban company,0.20684618281813283
2026-02-01,urban company,0.19196516247150458
2026-02-02,urban company,0.1755960400902135
2026-02-03,urban company,0.16815552991689936
2026-02-04,urban company,0.17113173398622505
2026-02-05,urban company,0.1741079380555507
2026-02-06,urban company,0.17410793805555075
2026-02-07,urban company,0.1696436319515622
2026-02-08,urban company,0.1636912238129109
2026-02-09,urban company,0.15476261160493393
2026-02-10,urban company,0.13988159125830565
2026-02-11,urban company,0.12500057091167738
2026-02-12,urban company,0.12351246887701457
2026-02-13,urban company,0.1354172851543172
2026-02-14,urban company,0.1473221014316198
2026-02-15,urban company,0.15922691770892244
2026-02-16,urban company,0.1741079380555507
2026-02-17,urban company,0.188988958402179
2026-02-18,urban company,0.19494136654083027
2026-02-19,urban company,0.1860127543328533
2026-02-20,urban company,0.18303655026352764
2026-02-21,urban company,0.19345326450616743
2026-02-22,urban company,0.2157747950261098
2026-02-23,urban company,0.2410725296153779
2026-02-24,urban company,0.2648821621699831
2026-02-25,urban company,0.291667998793914
2026-02-26,urban company,0.31101332524453074
2026-02-27,urban company,0.3244062435564962
2026-02-28,urban company,0.3303586516951476
2026-03-01,urban company,0.33631105983379883
2026-03-02,urban company,0.334822957799136
2026-03-03,urban company,0.3333348557644732
2026-03-04,urban company,0.3333348557644732
2026-03-05,urban company,0.35268018221508995
2026-03-06,urban company,0.3720255086657067
2026-03-07,urban company,0.4002994473243004
2026-03-08,urban company,0.4226209778442428
2026-03-09,urban company,0.45238301853749935
2026-03-10,urban company,0.480656957196093
2026-03-11,urban company,0.507442793820024
2026-03-12,urban company,0.5282762223053035
2026-03-13,urban company,0.541669140617269
2026-03-14,urban company,0.5520858548599087
2026-03-15,urban company,0.5505977528252459
2026-03-16,urban company,0.5401810385826061
2026-03-17,urban company,0.5208357121319893
2026-03-18,urban company,0.5312524263746291
2026-03-19,urban company,0.5476215487559202
2026-03-20,urban company,0.5580382629985601
2026-03-21,urban company,0.5193476100973266
2026-03-22,urban company,0.4702402429534533
2026-03-23,urban company,0.4211328758095799
2026-03-24,urban company,0.3839303249430093
2026-03-25,urban company,0.3184538354178449
2026-03-26,urban company,0.24404873368470353
2026-03-27,urban company,0.1860127543328533
2026-03-28,urban company,0.17559604009021343
2026-03-29,urban company,0.19047706043684173
2026-03-30,urban company,0.2113104889221213
2026-03-31,urban company,0.23214391740740087
2026-04-01,urban company,0.2559535499620061
2026-04-02,urban company,0.2797631825166113
2026-04-03,urban company,0.29017989675925104
2026-04-04,urban company,0.29315610082857674
2026-01-04,zara india,0.9999976923307689
2026-01-05,zara india,0.8749979807894227
2026-01-06,zara india,0.8277758675404697
2026-01-07,zara india,0.7624982404022113
2026-01-08,zara india,0.7233316641192562
2026-01-09,zara india,0.6916650705287818
2026-01-10,zara india,0.6833317564260254
2026-01-11,zara india,0.6404747124689926
2026-01-12,zara india,0.6238080842634797
2026-01-13,zara india,0.5857129340794504
2026-01-14,zara india,0.5571415714414284
2026-01-15,zara india,0.5285702088034064
2026-01-16,zara india,0.5190464212573992
2026-01-17,zara india,0.5047607399383882
2026-01-18,zara india,0.49523695239238086
2026-01-19,zara india,0.4904750586193771
2026-01-20,zara india,0.4999988461653845
2026-01-21,zara india,0.5142845274843955
2026-01-22,zara india,0.5285702088034063
2026-01-23,zara india,0.5333321025764101
2026-01-24,zara india,0.5333321025764102
2026-01-25,zara india,0.5285702088034063
2026-01-26,zara india,0.5380939963494138
2026-01-27,zara india,0.5428558901224174
2026-01-28,zara india,0.5476177838954212
2026-01-29,zara india,0.5333321025764102
2026-01-30,zara india,0.5285702088034064
2026-01-31,zara india,0.5095226337113917
2026-02-01,zara india,0.4904750586193771
2026-02-02,zara india,0.4666655897543588
2026-02-03,zara india,0.45714180220835154
2026-02-04,zara india,0.4428561208893405
2026-02-05,zara india,0.4285704395703295
2026-02-06,zara india,0.4047609707053112
2026-02-07,zara india,0.4047609707053112
2026-02-08,zara india,0.4095228644783149
2026-02-09,zara india,0.40476097070531125
2026-02-10,zara india,0.3904752893863002
2026-02-11,zara india,0.3761896080672893
2026-02-12,zara india,0.3761896080672893
2026-02-13,zara india,0.3761896080672893
2026-02-14,zara india,0.3714277142942856
2026-02-15,zara india,0.3619039267482782
2026-02-16,zara india,0.3523801392022709
2026-02-17,zara india,0.3428563516562636
2026-02-18,zara india,0.34285635165626355
2026-02-19,zara india,0.3476182454292673
2026-02-20,zara india,0.3523801392022709
2026-02-21,zara india,0.35714203297527464
2026-02-22,zara india,0.36190392674827826
2026-02-23,zara india,0.3761896080672893
2026-02-24,zara india,0.38571339561329654
2026-02-25,zara india,0.38571339561329654
2026-02-26,zara india,0.37142771429428556
2026-02-27,zara india,0.3571420329752746
2026-02-28,zara india,0.34285635165626355
2026-03-01,zara india,0.3333325641102563
2026-03-02,zara india,0.31428498901824165
2026-03-03,zara india,0.3047612014722343
2026-03-04,zara india,0.2904755201532233
2026-03-05,zara india,0.29523741392622704
2026-03-06,zara india,0.28571362638021963
2026-03-07,zara india,0.28095173260721595
2026-03-08,zara india,0.27142794506120865
2026-03-09,zara india,0.27142794506120865
2026-03-10,zara india,0.266666051288205
2026-03-11,zara india,0.266666051288205
2026-03-12,zara india,0.2761898388342123
2026-03-13,zara india,0.29523741392622693
2026-03-14,zara india,0.30476120147223423
2026-03-15,zara india,0.29999930769923056
2026-03-16,zara india,0.29999930769923056
2026-03-17,zara india,0.3142849890182416
2026-03-18,zara india,0.33333256411025625
2026-03-19,zara india,0.34285635165626355
2026-03-20,zara india,0.3476182454292673
2026-03-21,zara india,0.3476182454292672
2026-03-22,zara india,0.3380944578832598
2026-03-23,zara india,0.30952309524523797
2026-03-24,zara india,0.2714279450612086
2026-03-25,zara india,0.238094688650183
2026-03-26,zara india,0.1999995384661537
2026-03-27,zara india,0.16666628205512812
2026-03-28,zara india,0.1333330256441025
2026-03-29,zara india,0.11904734432509148
2026-03-30,zara india,0.11428545055208783
2026-03-31,zara india,0.11428545055208783
2026-04-01,zara india,0.11428545055208784
2026-04-02,zara india,0.11428545055208783
2026-04-03,zara india,0.11428545055208784
2026-04-04,zara india,0.10952355677908415
2026-01-04,zepto,0.3793119546272121
2026-01-05,zepto,0.362070502144157
2026-01-06,zepto,0.35249191743134867
2026-01-07,zepto,0.34195547424725936
2026-01-08,zepto,0.33563360833680583
2026-01-09,zepto,0.3275875971780468
2026-01-10,zepto,0.3201984032567375
2026-01-11,zepto,0.3037779723204946
2026-01-12,zepto,0.2922836706651245
2026-01-13,zepto,0.28735754138425157
2026-01-14,zepto,0.2873575413842516
2026-01-15,zepto,0.2873575413842516
2026-01-16,zepto,0.27750528282250586
2026-01-17,zepto,0.26929506735438435
2026-01-18,zepto,0.26108485188626285
2026-01-19,zepto,0.2578007656990143
2026-01-20,zepto,0.2479485071372685
2026-01-21,zepto,0.23481216238827413
2026-01-22,zepto,0.2233178607329041
2026-01-23,zepto,0.22331786073290408
2026-01-24,zepto,0.23152807620102558
2026-01-25,zepto,0.24959055023089283
2026-01-26,zepto,0.27093711044800867
2026-01-27,zepto,0.2939257137587488
2026-01-28,zepto,0.3087041016013675
2026-01-29,zepto,0.31034614469499167
2026-01-30,zepto,0.31198818778861603
2026-01-31,zepto,0.3103461446949918
2026-02-01,zepto,0.3152722739758646
2026-02-02,zepto,0.311988187788616
2026-02-03,zepto,0.3136302308822403
2026-02-04,zepto,0.32019840325673743
2026-02-05,zepto,0.3366188341929804
2026-02-06,zepto,0.35632335131647197
2026-02-07,zepto,0.3825960408144607
2026-02-08,zepto,0.4154369026869467
2026-02-09,zepto,0.4515618507466812
2026-02-10,zepto,0.4811186264319185
2026-02-11,zepto,0.50082314355541
2026-02-12,zepto,0.5221697037725258
2026-02-13,zepto,0.5435162639896417
2026-02-14,zepto,0.5812832551430005
2026-02-15,zepto,0.6075559446409892
2026-02-16,zepto,0.6223343324836078
2026-02-17,zepto,0.6141241170154864
2026-02-18,zepto,0.600987772266492
2026-02-19,zepto,0.5927775567983706
2026-02-20,zepto,0.5845673413302491
2026-02-21,zepto,0.5632207811131333
2026-02-22,zepto,0.5353060485215203
2026-02-23,zepto,0.5123174452107802
2026-02-24,zepto,0.505749272836283
2026-02-25,zepto,0.5106754021171558
2026-02-26,zepto,0.5090333590235315
2026-02-27,zepto,0.5073913159299072
2026-02-28,zepto,0.4991811004617859
2026-03-01,zepto,0.4991811004617859
2026-03-02,zepto,0.517243574491653
2026-03-03,zepto,0.5599366949258846
2026-03-04,zepto,0.6206922893899837
2026-03-05,zepto,0.6699535821987126
2026-03-06,zepto,0.6978683147903254
2026-03-07,zepto,0.7077205733520713
2026-03-08,zepto,0.7192148750074414
2026-03-09,zepto,0.7208569181010657
2026-03-10,zepto,0.7077205733520714
2026-03-11,zepto,0.6765217545732097
2026-03-12,zepto,0.6551751943560938
2026-03-13,zepto,0.650249065075221
2026-03-14,zepto,0.6617433667305911
2026-03-15,zepto,0.6650274529178397
2026-03-16,zepto,0.6584592805433426
2026-03-17,zepto,0.6387547634198508
2026-03-18,zepto,0.6321865910453537
2026-03-19,zepto,0.6321865910453537
2026-03-20,zepto,0.6371127203262267
2026-03-21,zepto,0.6305445479517293
2026-03-22,zepto,0.6239763755772323
2026-03-23,zepto,0.6174082032027352
2026-03-24,zepto,0.6091979877346138
2026-03-25,zepto,0.5878514275174979
2026-03-26,zepto,0.5730730396748791
2026-03-27,zepto,0.5632207811131332
2026-03-28,zepto,0.5582946518322603
2026-03-29,zepto,0.545158307083266
2026-03-30,zepto,0.5451583070832661
2026-03-31,zepto,0.5582946518322603
2026-04-01,zepto,0.5763571258621276
2026-04-02,zepto,0.5697889534876304
2026-04-03,zepto,0.5533685225513876
2026-04-04,zepto,0.5123174452107802
2026-01-04,zivame,0.285712401910742
2026-01-05,zivame,0.24999835167189918
2026-01-06,zivame,0.24603012386758327
2026-01-07,zivame,0.25595069337837295
2026-01-08,zivame,0.28095052854556285
2026-01-09,zivame,0.2976170853236895
2026-01-10,zivame,0.3095217687366371
2026-01-11,zivame,0.32992979744454726
2026-01-12,zivame,0.36054184050641236
2026-01-13,zivame,0.38094986921432256
2026-01-14,zivame,0.3741471929783526
2026-01-15,zivame,0.3537391642704424
2026-01-16,zivame,0.3333311355625323
2026-01-17,zivame,0.3401338117985024
2026-01-18,zivame,0.3537391642704424
2026-01-19,zivame,0.37414719297835264
2026-01-20,zivame,0.38775254545029275
2026-01-21,zivame,0.41496325039417287
2026-01-22,zivame,0.43537127910208295
2026-01-23,zivame,0.4557793078099932
2026-01-24,zivame,0.45577930780999315
2026-01-25,zivame,0.45577930780999315
2026-01-26,zivame,0.4693846602819332
2026-01-27,zivame,0.4897926889898433
2026-01-28,zivame,0.5033980414617835
2026-01-29,zivame,0.5033980414617835
2026-01-30,zivame,0.5170033939337236
2026-01-31,zivame,0.5374114226416338
2026-02-01,zivame,0.571424803821484
2026-02-02,zivame,0.578227480057454
2026-02-03,zivame,0.5918328325293941
2026-02-04,zivame,0.585030156293424
2026-02-05,zivame,0.585030156293424
2026-02-06,zivame,0.5578194513495439
2026-02-07,zivame,0.5442140988776037
2026-02-08,zivame,0.5238060701696936
2026-02-09,zivame,0.5102007176977535
2026-02-10,zivame,0.4693846602819333
2026-02-11,zivame,0.4489766315740231
2026-02-12,zivame,0.44897663157402307
2026-02-13,zivame,0.46258198404596323
2026-02-14,zivame,0.4557793078099932
2026-02-15,zivame,0.43537127910208306
2026-02-16,zivame,0.4149632503941729
2026-02-17,zivame,0.414963250394173
2026-02-18,zivame,0.414963250394173
2026-02-19,zivame,0.414963250394173
2026-02-20,zivame,0.4081605741582029
2026-02-21,zivame,0.40816057415820284
2026-02-22,zivame,0.4013578979222328
2026-02-23,zivame,0.4013578979222328
2026-02-24,zivame,0.3945552216862627
2026-02-25,zivame,0.40135789792223286
2026-02-26,zivame,0.4013578979222328
2026-02-27,zivame,0.4081605741582029
2026-02-28,zivame,0.414963250394173
2026-03-01,zivame,0.42856860286611304
2026-03-02,zivame,0.44217395533805315
2026-03-03,zivame,0.4489766315740232
2026-03-04,zivame,0.4557793078099932
2026-03-05,zivame,0.4761873365179034
2026-03-06,zivame,0.5033980414617836
2026-03-07,zivame,0.5238060701696936
2026-03-08,zivame,0.5442140988776039
2026-03-09,zivame,0.5578194513495439
2026-03-10,zivame,0.571424803821484
2026-03-11,zivame,0.5646221275855139
2026-03-12,zivame,0.5442140988776037
2026-03-13,zivame,0.5170033939337236
2026-03-14,zivame,0.4829900127538734
2026-03-15,zivame,0.4557793078099932
2026-03-16,zivame,0.42176592663014295
2026-03-17,zivame,0.4081605741582029
2026-03-18,zivame,0.3945552216862628
2026-03-19,zivame,0.3945552216862627
2026-03-20,zivame,0.3945552216862627
2026-03-21,zivame,0.4013578979222328
2026-03-22,zivame,0.4013578979222328
2026-03-23,zivame,0.4013578979222328
2026-03-24,zivame,0.3945552216862627
2026-03-25,zivame,0.3945552216862627
2026-03-26,zivame,0.38775254545029275
2026-03-27,zivame,0.38094986921432267
2026-03-28,zivame,0.37414719297835264
2026-03-29,zivame,0.3605418405064125
2026-03-30,zivame,0.3537391642704425
2026-03-31,zivame,0.3537391642704425
2026-04-01,zivame,0.3673445167423826
2026-04-02,zivame,0.37414719297835264
2026-04-03,zivame,0.37414719297835264
2026-04-04,zivame,0.34693648803447247
2026-01-04,zomato,0.9387808156749444
2026-01-05,zomato,0.9030663281220933
2026-01-06,zomato,0.8877601191708715
2026-01-07,zomato,0.8613994259771003
2026-01-08,zomato,0.8360591467134108
2026-01-09,zomato,0.8055601081365314
2026-01-10,zomato,0.7798877894194027
2026-01-11,zomato,0.7517049284933434
2026-01-12,zomato,0.7346980296586524
2026-01-13,zomato,0.7142897510570231
2026-01-14,zomato,0.6841632445498562
2026-01-15,zomato,0.6569522064143504
2026-01-16,zomato,0.6433466873465977
2026-01-17,zomato,0.6384875733938287
2026-01-18,zomato,0.6122483580488768
2026-01-19,zomato,0.5782345603794948
2026-01-20,zomato,0.5403334715478977
2026-01-21,zomato,0.5422771171290052
2026-01-22,zomato,0.5626853957306345
2026-01-23,zomato,0.5937837250283552
2026-01-24,zomato,0.6103047124677693
2026-01-25,zomato,0.6277975226977373
2026-01-26,zomato,0.6423748645560438
2026-01-27,zomato,0.658895851995458
2026-01-28,zomato,0.6452903329277052
2026-01-29,zomato,0.6122483580488768
2026-01-30,zomato,0.5665726868928496
2026-01-31,zomato,0.5276997752706987
2026-02-01,zomato,0.49368597760131655
2026-02-02,zomato,0.4645312938847034
2026-02-03,zomato,0.4460666608641816
2026-02-04,zomato,0.4392639013303053
2026-02-05,zomato,0.4392639013303053
2026-02-06,zomato,0.4373202557491978
2026-02-07,zomato,0.43246114179642886
2026-02-08,zomato,0.42857385063421377
2026-02-09,zomato,0.42857385063421377
2026-02-10,zomato,0.42857385063421377
2026-02-11,zomato,0.4256583822625524
2026-02-12,zomato,0.4227429138908911
2026-02-13,zomato,0.4198274455192298
2026-02-14,zomato,0.4266302050531062
2026-02-15,zomato,0.42954567342476757
2026-02-16,zomato,0.4295456734247675
2026-02-17,zomato,0.4178837999381222
2026-02-18,zomato,0.4071937492420307
2026-02-19,zomato,0.39553187575538545
2026-02-20,zomato,0.3935882301742779
2026-02-21,zomato,0.39164458459317036
2026-02-22,zomato,0.3945600529648317
2026-02-23,zomato,0.3945600529648317
2026-02-24,zomato,0.39941916691760065
2026-02-25,zomato,0.40719374924203067
2026-02-26,zomato,0.4139965087759071
2026-02-27,zomato,0.41496833156646096
2026-02-28,zomato,0.4081655720325846
2026-03-01,zomato,0.4023346352892619
2026-03-02,zomato,0.40136281249870814
2026-03-03,zomato,0.4081655720325846
2026-03-04,zomato,0.4198274455192299
2026-03-05,zomato,0.4324611417964289
2026-03-06,zomato,0.4431511924925204
2026-03-07,zomato,0.4528694203980581
2026-03-08,zomato,0.46258764830359583
2026-03-09,zomato,0.47133405341857987
2026-03-10,zomato,0.4732776989996873
2026-03-11,zomato,0.466474939465811
2026-03-12,zomato,0.4606440027224883
2026-03-13,zomato,0.45967217993193454
2026-03-14,zomato,0.466474939465811
2026-03-15,zomato,0.4742495217902411
2026-03-16,zomato,0.48202410411467134
2026-03-17,zomato,0.48785504085799397
2026-03-18,zomato,0.4966014459729779
2026-03-19,zomato,0.5043760282974081
2026-03-20,zomato,0.5111787878312845
2026-03-21,zomato,0.5140942562029458
2026-03-22,zomato,0.5150660789934994
2026-03-23,zomato,0.5150660789934995
2026-03-24,zomato,0.513122433412392
2026-03-25,zomato,0.504376028297408
2026-03-26,zomato,0.4966014459729778
2026-03-27,zomato,0.4897986864391014
2026-03-28,zomato,0.482995926905225
2026-03-29,zomato,0.47522134458079485
2026-03-30,zomato,0.46550311667525707
2026-03-31,zomato,0.46064400272248823
2026-04-01,zomato,0.45967217993193443
2026-04-02,zomato,0.45675671156027314
2026-04-03,zomato,0.4480103064452891
2026-04-04,zomato,0.41788379993812214
